days_elapsed,key_words,classification,priority,category
507,"['attente', 'r√©ponse', 'devis', 'relances', 'service client']",N√©gatif,80,Service client injoignable
471,"['appli', 'monpilotageelec', 'bug']",N√©gatif,60,Probl√®mes avec l‚Äôapplication
445,"['eau chaude', 'relances', 'hiver', 'scandaleux']",N√©gatif,90,Pannes et urgences
438,"['ENGIEpartSAV', 'agence fant√¥me', 'Grand Marseille', 'tribunal', 'mail', 'mise en demeure', 'dgccrf']",N√©gatif,85,Service client injoignable
437,"['eau chaude', 'probl√®me de pression', 'robinetterie', 'clients']",N√©gatif,70,Pannes et urgences
437,"['annulation', 'entretien', 'derni√®re minute', 'service client', 'ne comprennent rien']",N√©gatif,70,Service client injoignable
437,"['chat', '√©change', 'ENGIEpartFR']",N√©gatif,70,Service client injoignable
437,"['facture', 'consommation', 'p√©riode', 'bdd']",N√©gatif,60,Probl√®mes de facturation
436,"['courrier', 'compteur num√©rique', 'scandaleux', ""f√™tes de fin d'ann√©e""]",N√©gatif,80,Avis
434,"['urgent', 'abonnement', 'kwh', 'contrat', 'facture']",N√©gatif,80,Probl√®mes de facturation
434,"['prix', 'gaz', 'offre', 'indexation']",N√©gatif,70,Probl√®mes de facturation
433,"['√©lectricit√©', 'rdv', 'tech', 'janvier', 'temp√©ratures']",N√©gatif,80,Pannes et urgences
432,"['joindre', 'mail', 'r√©ponse', 'forfait', 'site']",N√©gatif,70,Service client injoignable
432,"['compte', 'factures', 'acc√®s']",Neutre,60,Probl√®mes avec l‚Äôapplication
431,"['facture', 'septembre', 'd√©cembre', 'explication']",N√©gatif,70,Probl√®mes de facturation
431,"['pr√©l√®ve', 'sommes', 'justifier', 'situation', 'mois']",N√©gatif,85,Probl√®mes de facturation
431,"['@ENGIEpartSAV', '@ENGIEpartFR', '624.32', 'guerre m√©diatique']",N√©gatif,80,Probl√®mes de facturation
429,"['rembourser', 'd√©lai', '15j', '2 mois', 'attends', 'sous']",N√©gatif,70,Probl√®mes de facturation
429,"['eau chaude', 'chauffage', 'service client']",N√©gatif,80,Pannes et urgences
429,"['DM', 'factures', '280‚Ç¨', 'novembre', '67m2']",N√©gatif,70,Probl√®mes de facturation
429,"['prix', '√©lectricit√©', 'abonnement', 'augmentation', 'guerre', 'Ukraine', 'voleurs']",N√©gatif,80,Probl√®mes de facturation
425,"['appli', 'monpilotageelec', 'bug']",N√©gatif,60,Probl√®mes avec l‚Äôapplication
425,"['appli', 'ne fonctionne pas', 'serveurs plantent']",N√©gatif,70,Probl√®mes avec l‚Äôapplication
425,"['application', 'mon pilotage √©lec', 'en rade', 'vague de temp√©ratures n√©gatives', 'internet', '5ghz']",N√©gatif,60,Probl√®mes avec l‚Äôapplication
425,"['appli', 'r√©glage', 'chauffage', 'connect√©', 'vague de froid', 'enfants']",N√©gatif,80,Probl√®mes avec l‚Äôapplication
427 jours,"['appli', 'froid', 'probl√®me', 'explication']",N√©gatif,70,Probl√®mes avec l‚Äôapplication
426 jours,"['appli', 'monpilotageelec', 'KO', 'matin', 'ENGIEpartSAV', 'ENGIEpartFR']",N√©gatif,70,Probl√®mes avec l‚Äôapplication
425,"['foutage de gueule', 'maison', 'froid', 'prime']",N√©gatif,75,Probl√®mes de facturation
454 jours,"['panne', 'chauffage', 'eau chaude', 'installations', 'ne fonctionne pas', 'Incomp√©tence', 'Probl√®mesTechniques']",N√©gatif,80,Pannes et urgences
452 jours,"['contact', 'technicien', 'pompe √† chaleur', 'service client', 'facture']",N√©gatif,80,Pannes et urgences
423,"['intervention', 'changement', 'pi√®ce', 'chauffage', 'rdv']",N√©gatif,70,Pannes et urgences
453,['suspense'],Neutre,0,Hors sujet
452 jours,"['courant', 'Saint hilaire de clisson']",N√©gatif,70,Pannes et urgences
452,"['courrier', 'renouvellement', 'offre', 'fourniture', 'gaz', '√©lectricit√©', 'prix', 'abonnement', 'kWh', 'annexe']",N√©gatif,70,Probl√®mes de facturation
452 jours,"['d√©panner', 'hiver', 'eau chaude', 'chauffage', 'inhumain']",N√©gatif,90,Pannes et urgences
451,['recontactent'],N√©gatif,60,Service client injoignable
420,"['intervention', 'urgence', 'eau', 'chauffage']",N√©gatif,90,Pannes et urgences
420,"['factures', 'poste', 'D√©materialisation']",N√©gatif,60,Probl√®mes de facturation
418,"['@CDCH_et_Moi', '@CDC_Habitat', '@ENGIEgroup', 'famille']",N√©gatif,70,Avis
418,"['Engie', 'GDF', 'contrats', 'DUO gaz elec', 'EDFofficiel', 'LCP', 'UFCquechoisir', 'ENGIEpartFR']",N√©gatif,70,Avis
418,"['facture', '300 balles', 'aide']",N√©gatif,70,Probl√®mes de facturation
419,"['eau chaude', ""agence d'Amiens"", 'arnaqueengie']",N√©gatif,80,Pannes et urgences
418,"['√©lectricit√© verte', 'contrat de gaz', 'facturez', 'volez']",N√©gatif,70,Probl√®mes de facturation
417,"['probl√®me', 'intervention', 'chauffage', 'Picardie']",N√©gatif,85,Pannes et urgences
415,"['mensualisation', 'baisser', 'doubl√©e']",N√©gatif,70,Probl√®mes de facturation
420,"['r√©siliation', 'remboursement', 'signalement', 'incomp√©tence']",N√©gatif,80,Probl√®mes de facturation
421,"['contact', 'panne', 'chaudi√®re', 'install√©e', 'pay√©e', 'prix fort', 'ne fonctionnait plus']",N√©gatif,70,Pannes et urgences
424,"['historique', 'consommations', '√©lectricit√©', 'fichier', 'relev√©s', 'mensuels', 'suivi', 'horaire']",Neutre,30,Probl√®mes avec l‚Äôapplication
413,"['ENGIEpartSAV', 'UFCquechoisir', 'aider', 'ennemis', 'marre']",N√©gatif,80,Service client injoignable
420,"['intervention urgente', 'chaudi√®re', 'SAV', 'urgence', 'imm√©diat']",N√©gatif,85,Pannes et urgences
412,"['tarifs', '√©lectricit√©', 'gaz', 'tax√©', 'CO2']",N√©gatif,70,Avis
411,"['gaz', 'augmentation', 'consommation', 'contrat']",N√©gatif,70,Probl√®mes de facturation
411,"['ENGIEpartFR', 'ENGIEpartSAV', 'engie', 'electricite', 'arnaque']",N√©gatif,70,Probl√®mes de facturation
410,"['facture', 'intervention', 'technicien', 'contact', 'soucis']",N√©gatif,85,Probl√®mes de facturation
410,"['espace client', 'site', 'facture', 'aberration']",N√©gatif,70,Probl√®mes de facturation
410,"['radiateur', ""mode d'emploi"", 'pr√©-r√©glages', 'consommation journali√®re']",Neutre,30,Avis
409 jours,"['service client', 'compteur linky', 'communiquant', 'relance']",N√©gatif,70,Service client injoignable
409,"['compteur', 'relances', 'rendez vous', 'facture erron√©e', 'conseillers']",N√©gatif,80,Probl√®mes de facturation
409,"['escrocs', 'contrat', 'maintenance', 'd√©pannage', 'annul√©s', 'sans r√©ponse']",N√©gatif,80,Service client injoignable
408,"['remboursement', 'contrat', 'maintenance', 'S√âCURIT√â', 'honor√©']",N√©gatif,70,Probl√®mes de facturation
408,"['joindre', 'agence', 't√©l√©phone', 'r√©ponse', 'contact', 'courrier', 'AR', 'rappel', 'honte', 'dgccrf', 'plainte', 'escroquerie']",N√©gatif,85,Service client injoignable
405 jours,"['facture', 'recouvrement', 'r√©clame', 'somme']",N√©gatif,80,Probl√®mes de facturation
405 jours,"['facture', 'r√©gularisation', '√©lectricit√©', 'paiement', 'm√©prisant', 'hautain']",N√©gatif,80,Probl√®mes de facturation
434 jours,"['suivi de conso', 'cass√©', 'Elec', 'Gaz']",N√©gatif,70,Probl√®mes avec l‚Äôapplication
434,"['panne', 'chaudi√®re', 'femme', '94 ans', 'autorit√©s judiciaire', 'DGCCRF', 'POITIERS']",N√©gatif,90,Pannes et urgences
404,"['facture', 'consommation', 'po√™le √† bois', '√©conomies', 'business']",N√©gatif,70,Probl√®mes de facturation
403 jours,"['@ENGIEpartFR', '#FoutageDeGueule', 'ü§¨']",N√©gatif,80,Probl√®mes de facturation
404,"['EnergiesRenouvelables', 'ENGIEChile', 'TransitionEnerg√©tique', 'EnR']",Positif,0,Avis
406 jours,"['service client', 'bug', 'espace client', 'suivi conso', 'rappeler', 'probl√®me', 'transfert']",N√©gatif,70,Probl√®mes avec l‚Äôapplication
404,"['connexion', 'espace client', 'erreur']",N√©gatif,70,Probl√®mes avec l‚Äôapplication
404,"['connexion', 'site', 'client', 'erreur', 'adresse IP']",N√©gatif,70,Probl√®mes avec l‚Äôapplication
404,"['rappel de charges', 'copropri√©t√©', 'locataire', 'eau chaude', 'chaudi√®re', 'chauffage', 'bouclier tarifaire']",N√©gatif,80,Probl√®mes de facturation
403,"['rendez-vous', 'entretien', 'clim gainable', 't√©l√©operateurs']",N√©gatif,70,Service client injoignable
403 jours,"['probl√®me', 'r√©gler', 'rapidement']",N√©gatif,70,Hors sujet
399,"['protectiondesdonnees', 'fournisseur', '√©lectricit√©', 'messages vocaux', '√©conomies', 'avis']",N√©gatif,70,Avis
400,"['espace client', 'WAF', 'AWS CloudFront', 'adresse IP', 'logs']",N√©gatif,70,Probl√®mes avec l‚Äôapplication
400,"['application', 'consommation', 'bug']",N√©gatif,60,Probl√®mes avec l‚Äôapplication
400,"['factures', 'ENGIEpartFR', 'ENGIEgroup', '2021', '2022', '2023']",N√©gatif,70,Probl√®mes de facturation
426,"['facture', '√©lectricit√©', 'augmentation']",N√©gatif,80,Probl√®mes de facturation
396,"['suivi conso', 'facture', 'diff√©rence', 'conso', 'temps r√©el']",N√©gatif,70,Probl√®mes de facturation
396,"['√©lectricit√©', 'facture', 'chauffage', 'merci']",N√©gatif,70,Probl√®mes de facturation
425,"['factures', 'appli mobile', 'site internet', 'consommation', 'geste commercial', 'impossible']",N√©gatif,70,Probl√®mes avec l‚Äôapplication
395,"['appli', 'carafe', 'saouler']",N√©gatif,70,Probl√®mes avec l‚Äôapplication
395,"['abonnement', 'gaz', 'augmenter', 'pr√©venir', 'tarifs']",N√©gatif,80,Probl√®mes de facturation
395,"['voler', 'scandaleux', 'arnaques']",N√©gatif,85,Probl√®mes de facturation
394 jours,['pire'],N√©gatif,70,Hors sujet
394,"['pr√©l√®ve', 'compteur', 'erreur', 'service client', 'factures']",N√©gatif,80,Probl√®mes de facturation
422,"['consomme', 'augmente', 'tarifs', 'mensualit√©s', 'plaisir']",N√©gatif,70,Probl√®mes de facturation
422,"['#harcelement', '#ledivorceinterdit', 'Harc√®lement abusif']",N√©gatif,70,Probl√®mes avec l‚Äôapplication
393,"['engagements contractuels', 'foyers', 'eaux chaudes']",N√©gatif,80,Pannes et urgences
392,"['ballon', 'secours', 'consomme', 'communication', 'unit√©s', 'position']",N√©gatif,70,Pannes et urgences
393,"['r√©clamation', 'r√©ponse', 'DEM2401-62362811']",N√©gatif,70,Service client injoignable
422,"['service', 'travaux', 'chaudi√®re', 'chauffage', 'eau chaude', 'gal√®re']",N√©gatif,80,Pannes et urgences
390,"['pubs TV', 'chauffage', 's√®che-cheveux']",N√©gatif,30,Service client injoignable
389,"['voleurs', 'tarifs', 'inflation', 'kWh', 'UFCquechoisir', 'med_energie', 'RolandLescure']",N√©gatif,80,Probl√®mes de facturation
386,"['contrat', 'facturation', 'service client']",N√©gatif,70,Probl√®mes de facturation
388,"['√©lectricit√©', 'corrige', 'ENGIEpartFR']",N√©gatif,70,Probl√®mes de facturation
386,"['appli', 'marchera', 'semaines']",N√©gatif,70,Probl√®mes avec l‚Äôapplication
385,"['hausse', 'inform√©']",Neutre,60,Probl√®mes de facturation
385,"['chauffe', 'racket', 'marche']",N√©gatif,70,Probl√®mes de facturation
385,"['√©lectricit√©', 'consommation', 'facture', 'b√©n√©fice']",N√©gatif,80,Probl√®mes de facturation
384 jours,"['MP', 'svp']",Neutre,20,Service client injoignable
384 jours,"['tarif', 'gaz', 'contrat']",N√©gatif,70,Probl√®mes de facturation
384 jours,"['augmentations', 'co√ªt', 'abonnement']",N√©gatif,70,Probl√®mes de facturation
383,"['frauduleux', 'usurpant', 'informations', 'bloctel', 'p√©nible', 'service juridique']",N√©gatif,70,Hors sujet
383,"['mensualit√©s', 'augmente', 'conso', '250‚Ç¨']",N√©gatif,70,Probl√®mes de facturation
382,"['ENGIE', 'ENEDIS', 'factures', '√©normes', 'incoh√©rentes', 'augmentent', 'explications', 'justice']",N√©gatif,80,Probl√®mes de facturation
382,"['arnaque', 'factures', 'incoh√©rentes', 'explications', 'consommation', 'chauffage']",N√©gatif,85,Probl√®mes de facturation
382,"['Merci', 'informations', '@ENGIEpartFR']",Positif,0,Avis
381,['ENGIEpartFR'],Neutre,20,Hors sujet
349,"['contrat', 'facturer', 'fraude']",N√©gatif,80,Probl√®mes de facturation
380,"['factures', 'joindre', 'prix', 'augmentation']",N√©gatif,80,Probl√®mes de facturation
378,"['chauffage', 'eau chaude', 'hiver', 'Engie']",N√©gatif,80,Pannes et urgences
348,"['@ENGIEpartSAV', 'r√©clame', '572,22‚Ç¨', 'somme', 'abonnements', 'consommations', '@EDFofficiel']",N√©gatif,80,Probl√®mes de facturation
377,"['facture', 'chauffage', 'isolation', 'appartement']",N√©gatif,70,Probl√®mes de facturation
407 jours,"['√©conomies', '√©nergie', 'chauffage']",Neutre,0,Hors sujet
378,"['panne', 'site', 'acc√®s']",N√©gatif,70,Probl√®mes avec l‚Äôapplication
345,"['probl√®me', 'pr√©lev√©', 'facture', 'erreur']",N√©gatif,85,Probl√®mes de facturation
376,"['dossier', 'pi√®ce', 'eau chaude', 'chauffage', 'hiver', 'abonnement', 'entretien', 'service']",N√©gatif,80,Pannes et urgences
345,"['employ√©s', 'racroche', 'nez']",N√©gatif,70,Service client injoignable
346,[],Neutre,0,Hors sujet
345,"['rdv annul√©s', 'entretien annuel', 'chaudi√®re', 'probl√®mes']",N√©gatif,70,Pannes et urgences
345,"['mensualit√©', 'augmenter', 'pr√©l√®vements', 'scandaleux']",N√©gatif,85,Probl√®mes de facturation
345,"['facture', 'demande', '3 min', 'onglets', 't√©l√©charger', 'documents']",N√©gatif,70,Probl√®mes de facturation
346,"['SAV', 'd√©pannage', 'b√©b√©', 'chauffage']",N√©gatif,80,Pannes et urgences
375,"['facture', 'augment√©', 'chauffages', 'escrocs']",N√©gatif,80,Probl√®mes de facturation
374,"['ENGIEpartFR', 'boulot', 'aberrant', 'situation']",N√©gatif,75,Service client injoignable
374,"['contrat gaz', 'supprim√©', ""frais d'abo"", 'frais de souscription']",N√©gatif,80,Probl√®mes de facturation
344,"['incompetence', 'SAV', 'pr√©l√®vements']",N√©gatif,80,Service client injoignable
374,"['harcelement', 'incompetence', 'dysfonctionnements']",N√©gatif,90,Service client injoignable
374,"['incompetence', 'soucis', 'honte']",N√©gatif,80,Service client injoignable
374,"['gaz', 'contrat', 'harc√®lement', 'mail', 'physique', 'd√©noncer']",N√©gatif,80,Pannes et urgences
341,"['facture', 'prix', 'insatisfaction']",N√©gatif,80,Probl√®mes de facturation
371,"['ENGIEpartFR', 'FICHE CLIENT', 'LORDINATEUR NE MARCHE PAS']",N√©gatif,70,Probl√®mes avec l‚Äôapplication
371,"['t√©l√©phone', 'attends', 'ligne']",N√©gatif,70,Service client injoignable
371,"['espace client', 'adresse', ""changement d'adresse"", 'application']",N√©gatif,60,Probl√®mes avec l‚Äôapplication
369,"['prix', 'Kwh']",Neutre,20,Avis
369,"['√©ch√©ancier', 'revalorisation', 'prix', 'consommation']",N√©gatif,70,Probl√®mes de facturation
369 jours,"['√©lectrom√©nager', 'heure creuse', 'lave-linge', 'lave-vaisselle']",Neutre,0,Hors sujet
369,"['prix', 'consommation', 'F√©vrier', 'magie', 'Kwh', 'cts', 'contrat']",N√©gatif,70,Probl√®mes de facturation
365,"['facture', 'consomm√©', 'pognon']",N√©gatif,70,Probl√®mes de facturation
367,"['consommation', 'application', 'probl√®me', 'contacter']",Neutre,60,Probl√®mes avec l‚Äôapplication
366,"['ENGIEpartSAV', 'agence', 'Grand Marseille', 'rappeler', 'clients', 'mois', 'attends', 'appels', 'conseillers', 'montant', 'facture', 'd√©bit√©', '24h']",N√©gatif,75,Service client injoignable
366,"['d√©m√©nagement', 'contrat √©lectrique', 'adresse', 'espace client']",Neutre,60,Probl√®mes avec l‚Äôapplication
366,"['d√©m√©nag√©', 'supprimer', 'e-mail', 'adresse', 'activer', 'espace personnel']",N√©gatif,70,Probl√®mes avec l‚Äôapplication
366,"['conseill√®re', 'adresse e-mail', 'heures creuses', 'cr√©neau', 'patienter']",N√©gatif,70,Service client injoignable
366,"['pb de facture', 'appelle', 'souci']",N√©gatif,70,Probl√®mes de facturation
365,"['contrat', 'prix', 'kwh', 'fourniture', '√©voluer', 'r√©gularis√©e']",N√©gatif,70,Probl√®mes de facturation
365,"['contrat', 'prix', 'conso', 'fourniture', 'kwh', 'tarif', 'augmenter', 'conseillers', 'comprendre', 'mentent']",N√©gatif,80,Probl√®mes de facturation
364,"['facture', 'scandaleuse', '616‚Ç¨']",N√©gatif,80,Probl√®mes de facturation
364,"['facture', 'somme', 'annuler', 'relev√© de compte']",N√©gatif,70,Probl√®mes de facturation
364,"['technicien', 'r√©serve', 'maison', 'apr√®s-midi', 'parking', 'coll√®gue']",N√©gatif,70,Service client injoignable
361,"['surfacturez', 'conso √©lectrique']",N√©gatif,70,Probl√®mes de facturation
362,"['rdv', 'annul√©', 'perds patience']",N√©gatif,80,Service client injoignable
360,"['application', 'refonctionner', 'inaccessible']",N√©gatif,70,Probl√®mes avec l‚Äôapplication
362,"['ENGIEpartFR', 'porte √† porte', 'chauffage', ""d√©partement de l'Essonne""]",N√©gatif,70,Avis
360,"['consommation', 'abonnement', 'conso', 'diff√©rence']",Neutre,40,Probl√®mes de facturation
360,"['facture', '√©lectricit√©', 'anxiolytiques']",N√©gatif,85,Probl√®mes de facturation
356,"['appel t√©l√©phonique', 'locataire', 'propri√©taire', 'raccroche']",N√©gatif,70,Service client injoignable
354,"['augmentation', 'kWh', 'appels', 'conseillers', '√©vasive', '√©lectricit√©', 'consommateur', '√©nergie', 'arnaque']",N√©gatif,80,Probl√®mes de facturation
355,"['consommation', 'facture', 'vol']",N√©gatif,80,Probl√®mes de facturation
356,"['voleurs', 'trafiquent', 'donn√©es', 'd√©conseille', 'fournisseur', '√©conomie', 'syst√®me', 'temps r√©el', 'coh√©rent']",N√©gatif,80,Probl√®mes de facturation
356,"['application', 'ramasse', 'vitesse sup√©rieure']",N√©gatif,60,Probl√®mes avec l‚Äôapplication
354,"['engie', 'clim', 'mois', 'attends', 'rappelle', 'sans r√©sultat', 'bravo', 'action']",N√©gatif,75,Service client injoignable
354,"['espace client', 'site']",Neutre,40,Probl√®mes avec l‚Äôapplication
354,"['prix', '√©lectricit√©', 'augment√©', 'mars', 'chauffage']",N√©gatif,70,Probl√®mes de facturation
352,"['gazini√®re', 'odeur', 'chauffage', 'compteur', 'facture']",N√©gatif,70,Pannes et urgences
352,"['@ENGIEpartFR', '@ENGIEpartSAV', 'arnaque']",N√©gatif,70,Service client injoignable
352,"['sms', 'num√©ro de t√©l√©phone', 'arnaques', 'd√©marchage']",Neutre,60,Service client injoignable
351,"['ch√®que √©nergie', '100 balles', 'trop cher']",N√©gatif,70,Probl√®mes de facturation
350,"['prix', 'augmente', 'frigo', 'vide']",N√©gatif,70,Probl√®mes de facturation
350,"['plages horaires', 'heures creuses', 'souscription', 'contrat √©lec', 'escrocs']",N√©gatif,80,Probl√®mes de facturation
350,"['fournisseur', '√©lectricit√©', 'contrat', 'mensualisation', 'justificatif de domicile']",N√©gatif,80,Service client injoignable
349,"['couteau sous la gorge', 'service client', 'culpabiliser', 'arnaquer', 'bouclier √©nergie', 'anxi√©t√©']",N√©gatif,85,Probl√®mes de facturation
350,"['mensualit√©s', 'mail', '213 euros']",N√©gatif,70,Probl√®mes de facturation
379,"['@ENGIEpartFR', '@GRDF', 'smart', 'gas meter', 'miscalibrated', 'customer service', 'fait le n√©cessaire', 'HELP']",N√©gatif,80,Probl√®mes de facturation
347,"['facture', '√©lev√©e', 'explications']",N√©gatif,70,Probl√®mes de facturation
348,"['facture', 'installation', '√©change']",N√©gatif,70,Probl√®mes de facturation
348,"['eau chaude', 'chauffage', 'GRDF', 'r√©glages']",N√©gatif,80,Pannes et urgences
346,"['contrat', '√©lectricit√©', 'gaz', 'coup√©', 't√¥t', 'bb', 'frigo', 'plainte']",N√©gatif,90,Pannes et urgences
345,"['√©lectricit√©', 'estimation mensuelle']",Neutre,10,Avis
344,"['facture', 'estimation', 'consommation', 'abonnement']",N√©gatif,70,Probl√®mes de facturation
342,"['rdv', 'contrat', 'honte']",N√©gatif,80,Service client injoignable
342,"['appels', 'comprendre', 'demande', 'raccrochent']",N√©gatif,70,Service client injoignable
342,"['contrat', 'entretien', 'PAC', 'gal√®res']",N√©gatif,70,Avis
342,"['technicien', 'eau froide', 'r√©gulation thermique', 'disjoncteur']",N√©gatif,75,Pannes et urgences
341,"['power', 'sick', 'ENGIEpartSAV', 'GRDF', 'smart meter', 'photos']",N√©gatif,80,Pannes et urgences
341,"['r√©gularisation', 'chauffant', 'voleurs', 'incomp√©tente']",N√©gatif,90,Probl√®mes de facturation
341,"['entretien', 'chaudi√®re', 'attente']",N√©gatif,70,Service client injoignable
341,"['pirater', 'donn√©es', 'vendre', 'Datas', 'sms', 'num√©ros non commerciaux', 'intol√©rable']",N√©gatif,80,Service client injoignable
341,"['escrocs', 'appel√©', 'promis', 'rappeler', 'situation', 'respect', 'clients', 'engie', 'escroquerie', 'mensonge']",N√©gatif,85,Service client injoignable
339,"['facture', 'kilowattheure', 'service client', 'site']",N√©gatif,80,Probl√®mes de facturation
339,"['mensualisation', 'facture', 'geste commercial']",N√©gatif,70,Probl√®mes de facturation
339,"['ENGIE', 'mafieuse', 'responsable', 'condamn√©e']",N√©gatif,90,Service client injoignable
338,"['Facture', '√©lectricit√©', '√©tudiante', 'd√©tail', 'conso']",N√©gatif,70,Probl√®mes de facturation
337,"['consommation', '√©lectricit√©', 'pics']",Neutre,30,Probl√®mes de facturation
336,"[""fournisseur d'√©nergie"", 'panneaux photovolta√Øques', 'HLM', 'Bloctel']",N√©gatif,70,Service client injoignable
335,"['prix', 'kWh', 'heures creuses', 'voleurs', 'gouvernement']",N√©gatif,70,Probl√®mes de facturation
334,"['prix', 'kwh', '√©lectricit√©', 'contrat', 'augmentation', 't√©l√©phone', 'mail']",N√©gatif,70,Probl√®mes de facturation
334,"['√©lectricit√©', '12eme jour', 'sans √©lectricit√©']",N√©gatif,80,Pannes et urgences
334,"['ENGIEpartFR', 'ENGIEgroup', 'poireauter', '0969321953', 'modifier un nom', 'contrat', 'espace personnel', 'Service clients', 'abonn√©s absents']",N√©gatif,70,Service client injoignable
334,"['d√©marchage', 'malhonn√™tet√©', 'offres', '√©lectricit√©']",N√©gatif,70,Avis
333,"['@ENGIEpartFR', 'luxe', 'manger', 'laver', 'eau', 'bougies']",N√©gatif,70,Pannes et urgences
333,"['facture', 'r√©gularisation', 'mensualisations', 'SDF', 'Bouclier Tarifaire']",N√©gatif,80,Probl√®mes de facturation
332,"['contrat', 'recouvrement', 'client', 't√©l√©phone']",N√©gatif,80,Probl√®mes de facturation
329,"['client', '√©tranger', 'cl√¥turer', 'service']",Neutre,30,Hors sujet
328,"['kw/h', '‚Ç¨', '@ENGIEpartFR']",N√©gatif,70,Probl√®mes de facturation
328,"['facturation', 'geste commercial', 'service client', 'incomp√©tents']",N√©gatif,70,Probl√®mes de facturation
328,"['contrat', 'r√©sili√©', 'consentement', 'faute', 'Erreur', '√ânergie', 'LenteurCognitive']",N√©gatif,80,Probl√®mes de facturation
328,"['augmentation', 'prix', 'r√©silier', 'recours']",N√©gatif,70,Probl√®mes de facturation
328,"['mensualisation', 'facture', 'incomp√©tents']",N√©gatif,80,Probl√®mes de facturation
327,"['service client', 'ENGIEpartFR']",N√©gatif,70,Service client injoignable
326,"['facture', 'consommation', 'explication']",N√©gatif,70,Probl√®mes de facturation
326,"['panne', 'chaudi√®re', 'intervention', 'r√©paration', 'pi√®ces']",N√©gatif,80,Pannes et urgences
323,"['arnaque', 'tarif week-end', 'inscription', 'service clients', 'inacceptable']",N√©gatif,80,Probl√®mes de facturation
323,"['abonnement', 'gaz', 'hausse', 'justifier']",N√©gatif,70,Probl√®mes de facturation
321,"['augmentation', 'abonnement', 'inadmissible', '√©nergie', 'gaz']",N√©gatif,80,Probl√®mes de facturation
322,"['facture', 'pr√©l√®vement', 'compte', 'r√©silie', 'client']",N√©gatif,85,Probl√®mes de facturation
319,"['mensualisation', '307.12', '3 378.32‚Ç¨', '1000', '2 380.88‚Ç¨']",N√©gatif,70,Probl√®mes de facturation
319,"['@ENGIEpartFR', 'arnaquer', 'heures pleines', 'heures creuses', 'contrat', 'facturer']",N√©gatif,80,Probl√®mes de facturation
318,['service'],N√©gatif,80,Service client injoignable
315,"['gaz', 'Engie']",N√©gatif,70,Probl√®mes de facturation
312,"['abonnement', 'prix', 'kWh', 'open bar']",N√©gatif,70,Probl√®mes de facturation
312,"['gaz', 'factures impay√©es', 'geste commercial']",N√©gatif,80,Probl√®mes de facturation
312,"['ENGIEpartFR', ""captures d'√©cran"", 'lien']",Neutre,50,Hors sujet
311,"['suivi', 'montant', 'conso', 'gaz', 'augmenter']",N√©gatif,70,Probl√®mes de facturation
341,"['conso', '√©lectricit√©', '25‚Ç¨', 'conso mensuelle']",N√©gatif,70,Probl√®mes de facturation
311,"['demande', 'internet', 'num√©rique', 'affolant']",N√©gatif,70,Probl√®mes avec l‚Äôapplication
338,"['facture', 'prix', 'kw/h', 'mise √† jour', 'conso']",N√©gatif,70,Probl√®mes de facturation
308,"['factures', 'acc√®s']",N√©gatif,60,Probl√®mes de facturation
305,"['augmentation', 'tarif']",N√©gatif,70,Probl√®mes de facturation
302,"['facturation', 'erreur', 'payer', 'somme', 'blague']",N√©gatif,75,Probl√®mes de facturation
302,"['prix', 'kWh', '√©lectrique', 'augmente', 'abonnement', '@ENGIEpartFR', '@ENGIEgroup']",N√©gatif,70,Probl√®mes de facturation
331,"['renouvellement', 'contrat', 'consommation', 'obligation', 'gaz', '√©lectricit√©', 'TVA']",N√©gatif,60,Probl√®mes de facturation
301,"['ENGIEpartFR', 'ENGIEgroup', 'Engie', 'technicien', 'site', 'maintenance', 'DM']",N√©gatif,70,Service client injoignable
331,"['probl√®me', 'urgent', 'chat', 'site', 'conseiller']",N√©gatif,70,Service client injoignable
300,"['payer', 'pr√©venu', 'mensualit√©', 'explication']",N√©gatif,80,Probl√®mes de facturation
329,"['pr√©lever', 'espace client', 'mail', 'paiement']",N√©gatif,80,Probl√®mes de facturation
328,"['Prix', 'Macron', 'pigeonne']",N√©gatif,70,Probl√®mes de facturation
298,"['mensualit√©', 'contrat', 'Totalenergies']",Neutre,30,Probl√®mes de facturation
298,"['ENGIEpartFR', 'ENGIE', 'm√©diateur', 'ENERGIE', 'arnaque', 'QUITTER']",N√©gatif,80,Probl√®mes de facturation
298,"['abonnement', 'gaz', 'consommation', 'bougie']",N√©gatif,70,Probl√®mes de facturation
297,"['r√©silier', 'contrat', 'impossible', 'joindre', 'service']",N√©gatif,70,Service client injoignable
326,"['facture', '100‚Ç¨', 'bordel', 'explication']",N√©gatif,80,Probl√®mes de facturation
294,['ENGIEpartFR'],N√©gatif,50,Service client injoignable
324,"['SMS', 'attestation', 'ch√®que √©nergie', 'reconduction automatique']",N√©gatif,70,Probl√®mes de facturation
323,"['maison', 'pertes', 'chaleur', 'ENGIEpartFR']",Neutre,0,Hors sujet
292,"['merci', 'ENGIEpartFR', 'devez', '500‚Ç¨']",N√©gatif,70,Probl√®mes de facturation
292,"['vol√©', '500‚Ç¨']",N√©gatif,80,Probl√®mes de facturation
323,"['facture', 'augmentation']",N√©gatif,70,Probl√®mes de facturation
323,"['tarifs', 'en ligne', 't√©l√©phone', 'messagerie']",Neutre,20,Avis
322,"['gaz', 'copropri√©t√©', 'Romainville', 'defaut de paiement', 'relance', 'familles', 'nourrissons', 'eau chaude']",N√©gatif,90,Pannes et urgences
321,"['√©lectricit√©', 'r√©guler']",N√©gatif,70,Probl√®mes de facturation
319,"['GRDF', 'ENGIEpartFR', 'Kafka', 'factures']",N√©gatif,70,Service client injoignable
319,"['devis', 'changer', 'fournisseur']",Neutre,20,Hors sujet
318,"['erreurs de facturation', 'scandaleux']",N√©gatif,80,Probl√®mes de facturation
288,"['facture', 'compteur Linky', 'Enedis', 'alerte', 'studio']",N√©gatif,80,Probl√®mes de facturation
318,"['factures', 'conseiller', 'contrat', '√©lectricit√©']",N√©gatif,70,Probl√®mes de facturation
317,"['fraude', 'R√©novationEnerg√©tique', 'CEE', 'factures']",N√©gatif,70,Probl√®mes de facturation
285,"['consomme', '√©lectricit√©', 'appartement', 'chauffages', 'ENGIEpartFR', 'quitte']",N√©gatif,70,Probl√®mes de facturation
315,"['factures', 'escroquer', 'contrat', 'bloqu√©', 'kwh', 'espace client']",N√©gatif,80,Probl√®mes de facturation
313,"['facturation', 'abusive', 'gaz', 'consommation', 'r√©pondent pas', 'd√©sinvolture']",N√©gatif,80,Probl√®mes de facturation
313,"['augmentation', 'abonnement', 'Gaz']",N√©gatif,70,Probl√®mes de facturation
309 jours √©coul√©s entre la date de cr√©ation et la date actuelle.,"['connexion', 'site', 'probl√®me']",N√©gatif,60,Probl√®mes avec l‚Äôapplication
308,"['facture', 'consommation', 'probl√®me']",N√©gatif,80,Probl√®mes de facturation
278,"['augmentation', 'abonnement']",N√©gatif,70,Probl√®mes de facturation
307,"['salari√©', 'menacer', 'dossier', 'client', 'm√©nage', 'services']",N√©gatif,80,Service client injoignable
306,"['√©ch√©ancier', 'prix', 'communication']",N√©gatif,70,Probl√®mes de facturation
307,"['r√©siliation', 'contrat', 'service facturation', 'rembours√©', 'service non fait']",N√©gatif,75,Probl√®mes de facturation
277 jours,"['appli', 'd√©connecte', 'authentification', 'illisible', 'usine √† gaz']",N√©gatif,70,Probl√®mes avec l‚Äôapplication
276,"['musique', 'attente', 'conseiller', 'Engie', 'exorciste']",N√©gatif,40,Service client injoignable
276,"['raccroch√©', 'attente', 'pas cool', '@ENGIEpartFR']",N√©gatif,70,Service client injoignable
275,"['t√©l√©phone', 'conseiller', 'maison', 'force', 'mono', 'linky', 'co√ªt']",N√©gatif,60,Service client injoignable
273,"['augmentation', 'tarifs', 'contrat', 'conso', 'gazpasserelle', 'ENGIE', 'assist telephonique']",N√©gatif,70,Service client injoignable
271,"['svc clients', 'Appeler', 'conseillers arrogants', 'remboursements', 'sommes ind√ªment per√ßues']",N√©gatif,80,Service client injoignable
271,"['pr√©leviez', 'informer', 'estimations', 'relever', 'compteur', 'voleur']",N√©gatif,80,Probl√®mes de facturation
265,"['consommations', 'rembourser', 'trop per√ßus']",N√©gatif,80,Probl√®mes de facturation
265,"['RDV', 'IA', 'relationclients', 'ENGIE', 'HECParis', 'Artefact_France', 'ENGIEpartFR', 'bymaddyness', 'collaborationcommerciale']",Neutre,0,Hors sujet
263,"['@ENGIEpartSAV', 'DM']",Neutre,20,Hors sujet
261,"['tarifs', 'factures', 'handicap√©']",N√©gatif,80,Probl√®mes de facturation
260,"['Extrait de compte comptable', 'surfacturer']",N√©gatif,70,Probl√®mes de facturation
259,"['prix', 'KWh', 'factures', 'r√©gularisation', 'fournisseur']",N√©gatif,80,Probl√®mes de facturation
256,"['Mon Pilotage Elec', 'ENGIEgroup', 'ENGIEInnov', 'engieimpact', 'ENGIEpartFR', 'JAgisAvecENGIE']",N√©gatif,70,Avis
256,"['@ENGIEpartFR', '@ENGIEpartSAV', '#MonPilotageElec', '#JAgisAvecENGIE']",Positif,0,Avis
255 jours,"['contacter', 'responsable', 'disponible', 'conseillers']",N√©gatif,70,Service client injoignable
252,"['contrat', 'souscris', 'honeteux']",N√©gatif,70,Service client injoignable
281,"['r√©sili√©', 'contrats', '√©ch√©ancier']",N√©gatif,70,Probl√®mes de facturation
249,"['facture', 'litige', 'd√©lai', 'argent', 'compte en banque']",N√©gatif,80,Probl√®mes de facturation
249,"['facture', 'doubl√©e', 'consommation', '√©lectrique']",N√©gatif,80,Probl√®mes de facturation
246,"['gaz', 'luxe', 'abonnement', 'consommation', 'erreur']",N√©gatif,70,Probl√®mes de facturation
245,"['remboursement', 'trop pay√©', 'Engie']",N√©gatif,70,Probl√®mes de facturation
243,"['fournisseur', '√©lectricit√©', 'voleurs', 'factures', 'explications']",N√©gatif,80,Probl√®mes de facturation
243,"['√©lectricit√©', 'dinguerie', '√©clairage public', '@ENGIEpartFR']",N√©gatif,70,Probl√®mes de facturation
241,"['urgence', 'chauffagiste', 'serviceclient', 'intouchable']",N√©gatif,90,Service client injoignable
241,"['r√©siliation', 'contrat', 'engie pro', 'engie part', 'aide']",N√©gatif,70,Probl√®mes de facturation
237,"['prix', 'kilowatts', 'explosion', '50%']",N√©gatif,70,Probl√®mes de facturation
237,"['soci√©t√©', 'app', 'bidon', '√† jour', 'faute', 'client', 'fric', 'fonctionnel', 'fuir']",N√©gatif,80,Probl√®mes avec l‚Äôapplication
237 jours,"['@ENGIEpartFR', 'discuter', 'priv√©']",Neutre,30,Service client injoignable
236,"['mensualit√©s', '80‚Ç¨', '170‚Ç¨', '40m2']",N√©gatif,70,Probl√®mes de facturation
236,"['rembourser', 'd√©lais', 'contraintes', 'tord']",N√©gatif,85,Probl√®mes de facturation
234 jours,"['compteur', '√©lectrique']",Neutre,30,Hors sujet
234 jours,"['entretien', 'chaudi√®re', 'attente', 'technicien', 'appels', 'num√©ro', 'avertissement']",N√©gatif,70,Service client injoignable
234 jours,"['site', 'connexion', 'impossible']",N√©gatif,70,Probl√®mes avec l‚Äôapplication
232,"['facture', 'consommation', 'prix', 'abonnement', '√©lectricit√©']",N√©gatif,70,Probl√®mes de facturation
231,"['gaz', 'enfants', 'pr√©venir', 'message', 'inexistant']",N√©gatif,80,Pannes et urgences
230,"['r√©silier', 'abonnement', 'd√©m√©nag√©', 'joindre', 'mois']",N√©gatif,70,Service client injoignable
230,"['t√©l√©phone', 'ENGIEpartFR', 'tableaux', 'intitul√©s trompeurs', 'offre', 'tarif', '+46%']",N√©gatif,80,Probl√®mes de facturation
228,"['√©ch√©ancier', 'augmenter', '40‚Ç¨']",N√©gatif,70,Probl√®mes de facturation
225,"['escrocs', 'payer', 'clientes', 'salari√©es', 'travail', 'honte']",N√©gatif,80,Probl√®mes de facturation
223,"['facture', 'service client', 'Engie', 'raccrocher', 'solution']",N√©gatif,80,Probl√®mes de facturation
224,"['remerciements', 'd√©m√©nager', 'personnel', '10/10']",Positif,0,Avis
223,"['balader', 'travail', 'escroc']",N√©gatif,70,Service client injoignable
222,['informations'],Neutre,20,Hors sujet
218,"['coupures', '√©lectricit√©', 'chaleurs', 'travaux', 'dimanche', 'eau chaude']",N√©gatif,80,Pannes et urgences
217,"['facture', 'argent']",N√©gatif,70,Probl√®mes de facturation
217,"['service clients', 'facturation', 'demande', 'coll√®gue', 'client', 'travail', 'employ√©s']",N√©gatif,70,Service client injoignable
217,"['coupure', '√©lectricit√©', 'conseiller client√®le', 'indemniser', 'pertes alimentaires']",N√©gatif,80,Pannes et urgences
216,"['fraude', 'mail']",N√©gatif,70,Hors sujet
216,['DM'],Neutre,20,Hors sujet
214,"['remboursements annuels', 'organisation', 'r√©ponse']",N√©gatif,70,Probl√®mes de facturation
213,"['relation client', 'incomp√©tent', 'condescendant', ""r√©clamer de l'argent"", 'r√©ductions', 'd√©faut de fournitures', '√©lectricit√©']",N√©gatif,70,Service client injoignable
213,"['connexion', 'France Connect', 'facture']",N√©gatif,70,Probl√®mes avec l‚Äôapplication
212,['besoin'],Neutre,50,Hors sujet
211,"['136 euros', 'seul', 'moyens']",N√©gatif,70,Probl√®mes de facturation
210,"['ENGIE', 'attendre', '15 jours', 'r√©gulariser', 'compteur']",N√©gatif,70,Service client injoignable
210,"['site web', 'factures', 'justificatif', 'inaccessible']",N√©gatif,70,Probl√®mes avec l‚Äôapplication
207,"['DM', 'acc√©der']",Neutre,30,Service client injoignable
202,"['phishing', 'scam', 'espace clients particuliers', 'ENGIEpartFR']",N√©gatif,70,Probl√®mes avec l‚Äôapplication
201,"['service client', 'CATASTROPHIQUE', 'honte']",N√©gatif,80,Service client injoignable
202,"['site', 'merde']",N√©gatif,70,Probl√®mes avec l‚Äôapplication
200,"['application', 't√©l√©phone', 'iOS', 'fonctionner', 'consommation', 'comparaisons', 'ann√©es ant√©rieures']",N√©gatif,60,Probl√®mes avec l‚Äôapplication
200,"['factures', 'augmenter', 'consommation', 'r√©silier', 'contrat', 'fournisseur']",N√©gatif,70,Probl√®mes de facturation
200,"['factures', 'cl√¥ture', 'erreur']",N√©gatif,70,Probl√®mes de facturation
200,"['erreur', 'facture', 'montant']",N√©gatif,70,Probl√®mes de facturation
225,"['aide', 'anomalie', 'index de consommation', 'rel√®ve', 'compteur gaz']",N√©gatif,60,Probl√®mes de facturation
225,"['ENGIEpartFR', 'bilan de conso', 'contrat', 'd√©m√©nag√©']",N√©gatif,30,Probl√®mes de facturation
194,"['facture', 'r√©gul', 'gaz', 'd√©sengage']",N√©gatif,70,Probl√®mes de facturation
193,"['application', 'connecter', 'p√©nible']",N√©gatif,60,Probl√®mes avec l‚Äôapplication
193,"['probl√®me', 'recharger', 'd√©bit√©']",N√©gatif,70,Probl√®mes de facturation
193,"['r√©gularisation', 'augmentation', 'mensualit√©s', 'citoyen', 'mod√®le']",N√©gatif,70,Probl√®mes de facturation
2025-03-10 22:21:42 +0100 - 2024-08-30 14:28:43+02:00,"['service client', 'r√©ponse', 'techniciens', 'intervention', 'facture', 'devis', 'r√©paration', 'plateforme']",N√©gatif,85,Service client injoignable
221,"['dm', 'svp']",Neutre,20,Service client injoignable
189,"['payer', '80e', 'mois', '@ENGIEpartFR', 'continuer']",N√©gatif,70,Probl√®mes de facturation
188,"['r√©gule', '2k', 'ENGIEpartFR', 'malade', 'hiver', 'allumer']",N√©gatif,70,Probl√®mes de facturation
186,"['facture', 'contrat', 'r√©gulation', 'syst√®me']",N√©gatif,70,Probl√®mes de facturation
186,"['Linky', 'informations erron√©es', 'relances', 'appels', 'factures erron√©es', 'recours']",N√©gatif,80,Probl√®mes de facturation
186,"['t√©l√© conseillers', 'insult√©', '@ENGIEpartFR', '@TotalEnergies']",N√©gatif,70,Service client injoignable
182,"['service client', '150‚Ç¨', 'Engie']",N√©gatif,80,Probl√®mes de facturation
180,"['Sondage', '√©conomiser', 'facture', 'chauffage', 'isolant', 'combles', 'ENGIEpartFR', 'JAgisAvecENGIE']",Neutre,0,Hors sujet
181,"['hausses', 'tarif', 'abonnement', 'gaz', 'augmentation', 'kWh', 'facture', 'explose']",N√©gatif,70,Probl√®mes de facturation
180,"['prix', 'abonnement', 'bougie']",N√©gatif,60,Probl√®mes de facturation
180,"['hausse', '120', '350‚Ç¨', '√©t√©']",N√©gatif,70,Probl√®mes de facturation
175,"['service', 'd√©plorable', 'impossible', 'envoyer', 'mail', 'm√©content']",N√©gatif,70,Service client injoignable
175,"['coup√©', '√©lectricit√©', 'insuffisant respiratoire', 'oxyg√®ne', 'machine √©lectrique']",N√©gatif,90,Pannes et urgences
175,"['coup√©', '√©lectricit√©', 'insuffisant respiratoire', 'oxyg√®ne', 'machine √©lectrique']",N√©gatif,90,Pannes et urgences
173 jours,"['joindre', 't√©l√©phone']",N√©gatif,70,Service client injoignable
172,"['application', 'connexion', 'erreur', 'internet', 'probl√®me']",N√©gatif,60,Probl√®mes avec l‚Äôapplication
171,"['ligne t√©l√©phonique', 'service client√®le', 'espagnol']",Neutre,20,Service client injoignable
171,"['gaz', 'coup√©', 'factures impay√©es', 'enregistr√©es', 'eau chaude']",N√©gatif,80,Probl√®mes de facturation
168,"['augment√©', 'tarifs', '25 %', 'gaz', 'r√©glement√©']",N√©gatif,75,Probl√®mes de facturation
168,"['@EDFetMoi', '@ENGIEpartFR', 'clients', 'contacter']",Neutre,20,Hors sujet
166 jours,"['engie', 'ENGIEpartFR', 'lettres recommand√©es', 'r√©pondre', 'respecter']",N√©gatif,70,Service client injoignable
165,"['Live', 'UAPV', 'autoconsommation', 'solaire', 'ENGIEpartFR', 'JAgisAvecENGIE']",Positif,0,Avis
164,"['lettres recommand√©es', 'respect du client', 'r√©ponse']",N√©gatif,70,Service client injoignable
161,"['eau chaude', 'b√¢timents', 'r√©seau de chaleur', 'Nantes']",N√©gatif,80,Pannes et urgences
160,"['eau chaude', 'douches glaciales', 'chaudi√®re', 'ballon d‚Äôeau chaude', 'avis Google', 'scandale', 'polyhandicap√©e']",N√©gatif,90,Pannes et urgences
158,"['mail', 'bug√©', 'lien', 'refus√©', 't√©l√©phoner']",N√©gatif,60,Probl√®mes avec l‚Äôapplication
158,"['contacter', 'mail', 'formulaire', 'erreur', 'arnaques']",N√©gatif,70,Service client injoignable
158,['heures creuses'],Neutre,0,Hors sujet
157,"['facture', 'offre', 'augmentation', 'courrier']",N√©gatif,70,Probl√®mes de facturation
157,"['contact√©', 'message Twitter', 'rien']",N√©gatif,70,Service client injoignable
157,"['ENGIE HOME SERVICE', 'exp√©rience', 'entreprise', 'bloqu√©e', 'r√©sistance', 'eau chaude', 'plainte', 'acompte', 'polyhandicap√©e', '@ENGIEpartFR', '#scandale', '#engie', '#arnaque', '#incompetence', '#chauffeeau', '#entreprise', '#attention']",N√©gatif,90,Pannes et urgences
157,"['lettres', 'r√©clamer', 'mena√ßant', 'payer', 'fausse route']",N√©gatif,70,Probl√®mes de facturation
157,"['plainte', 't√©l√©phone', 'r√©tract√©', 'engag√©', 'contrat', 'sign√©', 'appels']",N√©gatif,80,Probl√®mes de facturation
155,"['fournisseur', '√©lectricit√©', 'payer', '200', 'ENGIEpartFR', 'appeler', 'merde']",N√©gatif,80,Probl√®mes de facturation
155,"['compte', 'site', 'application', 'fonctionnent', 'mai', 'r√©gl√©']",N√©gatif,70,Probl√®mes avec l‚Äôapplication
153,"['d√©marchage', 'Nancy', 'semaine']",Neutre,20,Hors sujet
153,"['formulaire de contact', 'zone de commentaire', '200 caract√®res', 'demande']",N√©gatif,40,Probl√®mes avec l‚Äôapplication
151,"['√©lectricit√©', 'voisins', 'piti√©']",N√©gatif,80,Pannes et urgences
151,"['r√©pondez', '@ENGIEpartFR', '@enedis_clients']",N√©gatif,70,Service client injoignable
150,"['eau chaude', 'chauffage', 'd√©pannage', 'INCAPABLES']",N√©gatif,85,Pannes et urgences
151,"['devis', 'r√©paration', 'chaudi√®re', 'plateforme', 'Maroc', 'fran√ßais', 'rdv']",N√©gatif,70,Service client injoignable
150,"['ENGIEgroup', 'Nederland']",N√©gatif,70,Avis
150,"['prix', 'fixe']",Neutre,20,Avis
148,"['facture', 'r√©silier', '√©lectricit√©']",N√©gatif,70,Probl√®mes de facturation
144,"['escrocs', 'abonnent', 'contrat', 'annuler']",N√©gatif,80,Probl√®mes de facturation
144,"['compte client', 'facture', 'mot de passe', 'reinisialition']",N√©gatif,60,Probl√®mes avec l‚Äôapplication
144,"['technicien', 'rendez-vous', 'incomp√©tence', 'professionnalisme']",N√©gatif,70,Service client injoignable
144,"['service client', 'technicien', 'rembourser', 'd√©√ßu']",N√©gatif,70,Service client injoignable
143,"['r√©clamation', 'pi√®ce jointe', 'erreur de chargement', 'documents']",N√©gatif,60,Probl√®mes avec l‚Äôapplication
149,"['tarifs', 'abonnement', 'prix', 'KWh', 'we']",N√©gatif,70,Probl√®mes de facturation
149,"['panne', 'r√©paration', 'joindre', 'rendez-vous', 'honteux']",N√©gatif,80,Pannes et urgences
141,"['abonnement', 'gaz', 'consommation']",N√©gatif,70,Probl√®mes de facturation
141,"['application', 'site', 'inaccessibles', 'probl√®me']",N√©gatif,70,Probl√®mes avec l‚Äôapplication
140,"['ENGIEpartFR', '900‚Ç¨', 'raison', 'temps libre']",N√©gatif,80,Probl√®mes de facturation
140,"['ENGIEpartSAV', 'MP']",Neutre,0,Hors sujet
140,"['argent', 'trop per√ßu', 'mensualit√©s', 'augmenter', 'manip', 'tr√©so', 'estimation']",N√©gatif,70,Probl√®mes de facturation
140,"['r√©silier', 'contrat', 'appli', 'site', 'escrocs', 'voleurs']",N√©gatif,80,Probl√®mes avec l‚Äôapplication
139,"['d√©marchage', 'domicile', 'insiste', 'informations', 'augmentation', 'prix', 'clients']",N√©gatif,70,Avis
138,"['@ENGIEpartSAV', '@ENGIEpartFR', 'coordonn√©es bancaires', 'personne d√©c√©d√©e', 'pr√©l√®vements', '√©chec', 'proc√©dures', 'd√©mentielles']",N√©gatif,80,Probl√®mes de facturation
131,"['gaz', 'chauffage', 'plaque de cuisson', 'consommation', 'co√ªt']",Neutre,30,Avis
131,"['ENGIEgroup', 'ENGIEpartFR', 'clients', 'pigeons', 'tr√©sorerie']",N√©gatif,70,Probl√®mes de facturation
131,"['augmentation', 'pr√©l√®vement', 'gouvernement', 'consos', 'voleurs']",N√©gatif,80,Probl√®mes de facturation
130,"['facture', 'am√©lioration', 'r√©seau']",N√©gatif,70,Probl√®mes de facturation
130,"['site web', 'application', 'accessibles', 'mai', 'impossible', 'association de consommateurs']",N√©gatif,80,Probl√®mes avec l‚Äôapplication
128,"['courrier', 'r√©f√©rences clients', 'DM', 'association de consommateurs', '√©mission t√©l√©', 'litiges']",N√©gatif,80,Service client injoignable
128,"['ENGIEpartSAV', 'r√©f√©rence client', 'site']",N√©gatif,70,Service client injoignable
157,"['conseill√®re', 'harc√®le', 'note de satisfaction', 'service nul', 'relancer']",N√©gatif,70,Service client injoignable
157,"['@ENGIEpartSAV', '@ENGIEpartFR', 'agence de Lisses', ""plateau d'appel""]",N√©gatif,70,Service client injoignable
125,"['ENGIEpartSAV', 'ENGIEpartFR', 'DM', 'hier']",Neutre,50,Service client injoignable
94,"['pas fiable', 'machin']",N√©gatif,60,Probl√®mes avec l‚Äôapplication
124 jours,"['d√©g√¢ts des eaux', 'attente', 'scandale']",N√©gatif,90,Pannes et urgences
124,"['erreur', 'demande', 'd√©pose', 'compteur', 'gaz', 'facturation', 'GRDF']",N√©gatif,80,Probl√®mes de facturation
119,"['abonnement', 'augmentation', 'd√©pannage']",N√©gatif,70,Probl√®mes de facturation
118 jours,"['arnaque', 'gaz', 'radiateurs', 'facture']",N√©gatif,75,Probl√®mes de facturation
118 jours,"['ENGIEgroup', 'concurrence', 'prospection', 'comportement', 'insatisfaction']",N√©gatif,70,Service client injoignable
117,"['consommation', 'pr√©l√®vement', 'gaz', 'taxes']",N√©gatif,80,Probl√®mes de facturation
117 jours,"['grille tarifaire', 'prix ttc', 'Kwh', 'comparaison']",Neutre,40,Avis
117,"['probl√®mes', 'site', 'application', 'factures']",N√©gatif,70,Probl√®mes avec l‚Äôapplication
117,"['EngieHomeService', 'ENGIEgroup', 'rendez vous', 'chaudi√®re', 'plate-forme']",N√©gatif,70,Service client injoignable
116 jours,"['coupureelectricite', 'ENGIEgroup']",N√©gatif,70,Pannes et urgences
115 jours,"['souscrire', 'contrat', 'appels', 'd√©marcheurs', 'emp√™cher']",N√©gatif,60,Service client injoignable
114,"['Engie', 'tarif', 'Elec R√©f√©rence', 'prix', 'escrocs']",N√©gatif,80,Probl√®mes de facturation
113,"['phishing', 'mail']",Neutre,70,Service client injoignable
82 jours,"['simulation', 'consommation', 'diff√©rent']",N√©gatif,60,Probl√®mes de facturation
113,"['abonnement', 'Gaz', 'hausse']",N√©gatif,70,Probl√®mes de facturation
111,"['facture', 'doubl√©']",N√©gatif,70,Probl√®mes de facturation
111,"['√©lectricit√©', 'coupure', 'logements', 'impact√©s']",N√©gatif,80,Pannes et urgences
110,"['d√©m√©nagement', 'tarification', 'gaz']",N√©gatif,70,Probl√®mes de facturation
80 jours,"['site', 'application', 'refonctionner', 'proc√®s']",N√©gatif,75,Probl√®mes avec l‚Äôapplication
110,"['fraude', 'appel', 's√©curit√©', 'compte en ligne', 'spam']",N√©gatif,70,Service client injoignable
110,"['appli', 'conso']",N√©gatif,60,Probl√®mes avec l‚Äôapplication
110,"['r√©clamation', 'service client']",N√©gatif,70,Service client injoignable
110,"['facture', 'augmentation', 'tarifs']",N√©gatif,70,Probl√®mes de facturation
110,"['prix', 'TTC', 'kWh', 'contrat', '√âlectrique', 'r√©f√©rence', 'hotline']",Neutre,30,Avis
110,"['ch√®que √©nergie', 'montant', 'mauvais nom', 'avocat', 'gouvernementFR']",N√©gatif,85,Probl√®mes de facturation
110,"['conso', 'remboursent', 'trop per√ßu', 'mensualisations']",N√©gatif,70,Probl√®mes de facturation
108,"['Engie', '300‚Ç¨', '4 mois', 'r√©sili√©', '2 juillet', '59‚Ç¨', 'remboursent', '1H45', 'appel', 'conseillers', 'raccroch√©', 'inacceptable', 'argent', '@ENGIEgroup', '@ENGIEpartFR', '#abus']",N√©gatif,85,Probl√®mes de facturation
108 jours,"['rein', 'ENGIEpartFR']",N√©gatif,70,Service client injoignable
108,"['facture', 'augmentation', '√©lectricit√©']",N√©gatif,80,Probl√®mes de facturation
107,"['contrat', 'augmentation', 'loi', 'escrocs']",N√©gatif,70,Probl√®mes de facturation
106,"['intervention', 'domicile', 'changement', 'c√¢ble', '32amp√®res', 'four', 'enedis', 'honte', 'prix']",N√©gatif,80,Pannes et urgences
104,"['ENGIEgroup', 'cyclistes', 'agressif', 'plaque', 'photo', 'suivre', 'toucher', 'paris', 'Velo']",N√©gatif,80,Hors sujet
104,"['gaz', 'hausse', 'consommation', 'facture', 'augment√©', 'ENGIEpartFR']",N√©gatif,70,Probl√®mes de facturation
104,"['factures', 'abuser']",N√©gatif,70,Probl√®mes de facturation
104,"['chauffage', 'technicien', 'mail', 't√©l√©phone', 'aide']",N√©gatif,85,Pannes et urgences
102 jours,"['bougies', 'pr√©parer']",N√©gatif,70,Pannes et urgences
71,"['augmentation', '√©lectricit√©', 'changer']",N√©gatif,70,Probl√®mes de facturation
98 jours,"['mp', 'envoy√©', 'r√©ponse']",Positif,0,Avis
98,"['argent', 'huissiers', 'excuses', 'inflation']",N√©gatif,80,Probl√®mes de facturation
98 jours,"['d√©m√©nage', 'durite']",N√©gatif,60,Service client injoignable
98,"['conso', 'gaz', 'habitudes', 'septembre', ' r√©gul', 'explication']",N√©gatif,70,Probl√®mes de facturation
70,"['abonnement', 'consommation', 'salaire', 'PDG', 'scandaleux']",N√©gatif,75,Probl√®mes de facturation
67 jours,"['salaires', 'abonnement', 'consommation', 'foyer modestes', 'foutage de gueule']",N√©gatif,75,Probl√®mes de facturation
97,"['catastrophe', 'argent', 'respect', 'consommateur']",N√©gatif,80,Probl√®mes de facturation
96,"['probl√®mes', 'application', 'site', 'message', 'connecter']",N√©gatif,70,Probl√®mes avec l‚Äôapplication
95,['d√©cevez'],N√©gatif,60,Avis
95,"['arnaque', 'jeu', 'rupture']",N√©gatif,60,Avis
94,"['abonnement', '23‚Ç¨', '230‚Ç¨', 'consommation']",N√©gatif,70,Probl√®mes de facturation
94,"['techniciens', 'chaleur', 'domicile', 'scandaleux']",N√©gatif,80,Pannes et urgences
94,"['facture', 'consommation', 'prix', 'studio']",N√©gatif,80,Probl√®mes de facturation
92,"['d√©fi', 'kWh', 'chauffage', 'gaz', '√©lectricit√©']",N√©gatif,60,Avis
91,"['chauffage', 'nourrisson', 'intervention', 'urgence', 'irresponsables']",N√©gatif,90,Pannes et urgences
91,"['ENGIEgroup', 'fanez', 'cul']",N√©gatif,70,Service client injoignable
90,"['factures', 'compteur Gaz', 'irrespect', 'personnel', 'poli', 'comp√©tent']",N√©gatif,80,Probl√®mes de facturation
90,"['@ENGIEpartFR', 'hausses', 'No√´l', 'conso']",N√©gatif,70,Probl√®mes de facturation
90,"['pr√©l√®ve', 'chauffage', 'coup√©', 'hiver', 'fuyez']",N√©gatif,85,Pannes et urgences
90,"['contrats', 'ENGIEpartFR']",N√©gatif,85,Pannes et urgences
90,"['relev√© de compte', 'froid']",N√©gatif,80,Pannes et urgences
90,"['ENGIEpartFR', 'engie']",N√©gatif,70,Hors sujet
90,"['service', 'en ligne', 'payer', 'factures', 'ne fonctionne pas']",N√©gatif,70,Probl√®mes avec l‚Äôapplication
88,"['eau chaude', 'chaudi√®re', 'logements', 'probl√®me r√©current']",N√©gatif,85,Pannes et urgences
88,"['consommation √©lectrique', 'facture', 'd√©m√©nager', 'contrat', 'No√´l']",N√©gatif,70,Probl√®mes de facturation
87,"['facture', 'paiement', 'mise en demeure', 'annulation']",N√©gatif,80,Probl√®mes de facturation
85,"['bilans mensuels', 'augmentation de consommation', ""prix de l'√©lectricit√©""]",N√©gatif,70,Probl√®mes de facturation
85 jours,"['ENGIEgroup', 'Power Purchase Agreement', 'Altano Energy', 'Dama de Baza', 'wind project', 'Granada', 'Spain', 'renewableenergy', 'Energy', 'Sustainable']",Neutre,0,Hors sujet
84,"['augmentation', 'abonnement gaz', 'baisse', 'consommation KwH']",N√©gatif,70,Probl√®mes de facturation
83,"['chauffage', 'eau chaude', 'Rennes', 'long']",N√©gatif,80,Pannes et urgences
83,"['froid', 'eau chaude', 'chauffage', 'coupures']",N√©gatif,90,Pannes et urgences
83 jours,"['factures √©normes', 'engueuler']",N√©gatif,80,Probl√®mes de facturation
80,"['payer', 'cher', 'domicile', '√©conomie', '√©nergie']",N√©gatif,70,Probl√®mes de facturation
77,"['service client', 'num√©ro de t√©l√©phone', 'compte']",N√©gatif,60,Service client injoignable
76,"['pr√©l√®vement', 'facture', 'journ√©e', 'mauvaise humeur']",N√©gatif,70,Probl√®mes de facturation
74,"['archive', 'contrats r√©sili√©s', 'mails', 'liens', 'site', 'supprim√©']",N√©gatif,60,Probl√®mes avec l‚Äôapplication
74,"['solution', 'contrat', 'frais de dossier', 'frais de r√©siliation', 'catastrophique']",N√©gatif,80,Probl√®mes de facturation
73,"['gaz', 'cher', 'bras']",N√©gatif,70,Avis
72 jours,"['chauffage', 'technicien', 'probl√®me']",N√©gatif,70,Pannes et urgences
70,"['consommation', 'augment√©', 'estimation', 'Voleurs']",N√©gatif,80,Probl√®mes de facturation
70,"['consommation', 'hausse des prix', 'Leurre', 'Combine', 'HausseDesPrix', '√âlectricit√©']",N√©gatif,75,Probl√®mes de facturation
70,"['r√©pondre', 'mails', 'r√©clamations', 'clients', 'm√©contents']",N√©gatif,75,Service client injoignable
70,"['TAXES', 'facture', 'ENGIE', 'abonnement', 'fourniture', 'acheminement', 'consommation', 'obligations', 'contribution', '√©nergie', 'valeur ajout√©e']",N√©gatif,60,Probl√®mes de facturation
70,"['conseiller', 'conso', 'lettres de relance', 'mafia', '#EngieVsLePeuple']",N√©gatif,80,Probl√®mes de facturation
70,"['aider', 'meurtre', 'üò°', 'üò©']",N√©gatif,80,Service client injoignable
67,"['√©lec', 'gaz', 'r√©gul', 'assistante sociale']",N√©gatif,70,Probl√®mes de facturation
67 jours,"['contrat', 'maison', '√©lectricit√©', 'b√©b√©', 'congels']",N√©gatif,90,Pannes et urgences
63,"['contrat', 'entretien', 'chaudi√®re', 'RDV', 'report√©', 'annul√©']",N√©gatif,75,Service client injoignable
63,"['facture', 'consommation', 'mensualit√©']",N√©gatif,70,Probl√®mes de facturation
63,"['eau chaude', 'coups fil', 'soluce']",N√©gatif,70,Pannes et urgences
62,"['ENGIEpartFR', 'Savoie', 'agence', 'adresse']",Neutre,10,Hors sujet
62,"['payer', '200 euros', 'consommation', 'conseillers', 'menace', 'changer de fournisseur', 'gaz', '√©lectricit√©', 'tarif2025']",N√©gatif,75,Probl√®mes de facturation
58,"['@ENGIEgroup', 'Inclusif', 'raciste']",N√©gatif,50,Avis
59,"['devis', 'relances t√©l√©phoniques', 'urgence']",N√©gatif,70,Service client injoignable
59,"['abonnements', 'gaz', '√©lectricit√©', 'r√©sili√©s', 'remboursement', 'ch√®que']",N√©gatif,70,Probl√®mes de facturation
57 jours,"['contrat', 'activation', 'site web', 'traitement de dossier', '24h']",N√©gatif,70,Service client injoignable
55,"['hame√ßonnage', 'remboursement', 'site innaccessible', 'email']",N√©gatif,70,Hors sujet
54 jours,"['pr√©l√®vement', 'changement', 'mode de paiement']",N√©gatif,70,Probl√®mes de facturation
54,"['eau chaude', 'chauffage', 'urgence', 'service client']",N√©gatif,90,Pannes et urgences
51 jours,"['probl√®me', 'contrat', 'mauvais pdl', 'service client']",N√©gatif,75,Probl√®mes de facturation
50,"['contrat', 'tarif', 'changer', '1er f√©vrier']",Neutre,20,Avis
49,"['augmenter', 'mensualit√©s', '√©lectricit√©']",N√©gatif,80,Probl√®mes de facturation
50 jours,"['eau chaude', 'chauffage', 'urgence', 'service client']",N√©gatif,90,Pannes et urgences
48,"['service client', 'r√©paration', 'pr√©judice', 'erreur', 'points de livraison', '√©lectricit√©']",N√©gatif,80,Probl√®mes de facturation
48 jours,"[""chiffre d'affaires"", 'fournisseur', 'puissance', 'dossier de r√©clamation', 'pr√©judice']",N√©gatif,70,Pannes et urgences
48 jours,"['injoignables', 'incomp√©tents', 'chauffage', 'eau chaude']",N√©gatif,80,Pannes et urgences
48 jours,"['dette', '√©talement de paiement', 'm√©thodes agressives', ""limite d'√©nergie"", 'froid', 'hiver']",N√©gatif,90,Probl√®mes de facturation
48 jours,"['service', 'recouvrement', 'condamnation']",N√©gatif,70,Probl√®mes de facturation
48 jours,"['contrat', 'service', 'intervention', 'chauffagiste', 'd√©pann√©']",N√©gatif,70,Pannes et urgences
47 jours,"['DM', 'svp']",Neutre,20,Service client injoignable
47 jours,"['@ENGIEpartFR', 'dette', 'recouvrement', '√©talement de paiement', 'diminution de puissance']",N√©gatif,80,Probl√®mes de facturation
46,"['gaz', 'luxe', 'bougie']",N√©gatif,70,Pannes et urgences
46 jours,"['dette', 'eos recouvrement', 'r√©duire ma puissance']",N√©gatif,80,Probl√®mes de facturation
46 jours,"['fautes', 'conjugaison', 'transmet', 'affreux', 'pluriel']",N√©gatif,20,Avis
46,"['d√©m√©nager', 'r√©silier', 'abonnement', '√©nerg√©tique', 'r√©ponse', 'date de r√©siliation', '√©nervant']",N√©gatif,60,Service client injoignable
46 jours,"['agents', 'feu rouge', 'vitesse']",N√©gatif,70,Avis
44,"['pression', 'personnes √¢g√©es', 'contrat', 'd√©marcheur', 'hausser le ton', 'personne vuln√©rable', 'plainte']",N√©gatif,90,Avis
44 jours,"['chauffer', 'bougie', 'd√©marcher']",N√©gatif,70,Pannes et urgences
41,"['facture', '√©lectricit√©', 'litige', 'm√©diateur']",N√©gatif,90,Probl√®mes de facturation
41,"['68‚Ç¨', 'devez', 'octobre', 'soci√©t√©']",N√©gatif,70,Probl√®mes de facturation
40,"['grammaire', 'faute', 'langue fran√ßaise', 'signal√©']",N√©gatif,20,Avis
40 jours,"['Facture', 'd√©cembre 2023', 'calculs', 'ENGIEpartSAV']",N√©gatif,70,Probl√®mes de facturation
40,"['d√©m√©nag√©', 'ligne', 'contrat', 'fermez', 'comp√©tents', 'conseillers']",N√©gatif,70,Probl√®mes de facturation
40 jours,"['@ENGIEgroup', '@EmmanuelMacron', '#Gaz', 'facture', 'gaz', 'exag√©rer', 'aide']",N√©gatif,70,Probl√®mes de facturation
48,"['facture', 'erreur', 'service client', 'huissiers']",N√©gatif,90,Probl√®mes de facturation
35,"['facture', 'gaz', 'standard', 'conso']",N√©gatif,90,Probl√®mes de facturation
34 jours,"['tarifs', 'site', 'prix', 'introuvables']",N√©gatif,60,Avis
34,"['facture', '232‚Ç¨', '51‚Ç¨', 'pr√©venir', 'voleur']",N√©gatif,80,Probl√®mes de facturation
30,"['merci', 'bougies', 'chauffe', '19,5 degr√©s']",Positif,20,Avis
28,"['√©lectricit√©', 'gaz', 'ponctionn√©e', 'logement']",N√©gatif,80,Probl√®mes de facturation
28,"['remise', '100e', 'novembre', 'appels']",N√©gatif,70,Probl√®mes de facturation
26 jours,"['@ENGIEpartSAV', '#√âlectricit√©', '#√ânergie', '#Consommation']",N√©gatif,75,Probl√®mes de facturation
26,"['facture', 'gaz', 'chauffer', 'nuit']",N√©gatif,70,Probl√®mes de facturation
26 jours,"['eau chaude', 'hiver', 'incapables']",N√©gatif,80,Pannes et urgences
25,"['augmente', 'mensualit√©s', 'pr√©l√®vement', 'consommation', 'baiss√©', 'MafiaOrganis√©e']",N√©gatif,80,Probl√®mes de facturation
25,"['r√©silier', 'contrat', 'supprimer', 'compteur', 'marche pas', 'bouton', 'avancer']",N√©gatif,60,Probl√®mes avec l‚Äôapplication
21,"['Ma conso', '√©lectricit√©', 'long']",N√©gatif,70,Probl√®mes avec l‚Äôapplication
20,"['@ENGIEpartFR', '@ENGIEgroup', 'prix', '√©lectricit√©', 'gaz', 'abonnement', 'augmenter', '@gouvernementFR', '@dgccrf']",N√©gatif,80,Probl√®mes de facturation
19,"['payer', 'chauffe', 'consomme', 'cons']",N√©gatif,80,Probl√®mes de facturation
19,"['Facture', '√©lectricit√©', 'r√©gul', 'chauffage']",N√©gatif,80,Probl√®mes de facturation
19,"['panne', 'chauffage', 'r√©solu', 'appartement', 'merci']",N√©gatif,80,Pannes et urgences
19 jours,"['@ENGIEpartFR', '@ENGIEgroup']",Neutre,0,Hors sujet
19,"['tarif', 'contrat', 'Prix Fixe', 'tromp√©', 'avoir']",N√©gatif,60,Probl√®mes de facturation
17,"['PDL', 'espace client', 'doublon', 'console instantan√©e', 'support']",N√©gatif,70,Probl√®mes avec l‚Äôapplication
17,"['remboursement', 't√©l√©conseiller', 'rappeler', 'raccrocher']",N√©gatif,70,Service client injoignable
15,"['facture', '√©lectrique', 'augmente', 'kWh', 'prix', 'EDF']",N√©gatif,70,Probl√®mes de facturation
15,"['r√©gule', 'chauffage', 'eau chaude', 'thermostat']",N√©gatif,80,Probl√®mes de facturation
14,"['politique', 'Macron', '√©nergie', 'gaz', 'Engie', 'chauffe', 'bougie']",Neutre,50,Hors sujet
14,"[""garanties d'origine"", '√©lectricit√©', 'source renouvelable', 'ENGIEpartFR', 'JAgisAvecENGIE']",Neutre,0,Hors sujet
14,"['dossier perdu', 'pi√®ce manquante', 'clowns']",N√©gatif,70,Service client injoignable
14,"['dossier perdu', 'pi√®ce manquante', 'clowns']",N√©gatif,70,Service client injoignable
14,"['dossier perdu', 'pi√®ce manquante', 'clowns']",N√©gatif,70,Service client injoignable
14,"['dossier perdu', 'recommand√©', 'pi√®ce manquante', 'clowns']",N√©gatif,70,Service client injoignable
14,"['dossier perdu', 'pi√®ce manquante', 'clowns']",N√©gatif,70,Service client injoignable
14,"['service client', 'remboursement', 'pr√©l√®vement', 'trop']",N√©gatif,80,Probl√®mes de facturation
14,"['offres', '100‚Ç¨', 'apeller', '4 mois', 'avoir', '#engie']",N√©gatif,70,Service client injoignable
13,"['facture', 'r√©gularisation', 'rue']",N√©gatif,80,Probl√®mes de facturation
13,"['ENGIEnewsroom', 'Engie', 'ENGIEgroup', 'conseillers', 'aider', 'clients', 'r√®glement', 'facture', 'Triste', 'image']",N√©gatif,70,Service client injoignable
13,"['incapables', 'technicien', 'appels', 'raccrochent', 'boycott']",N√©gatif,80,Service client injoignable
12,"['facture', 'GAZ', 'chauffe', 'mascarade']",N√©gatif,70,Probl√®mes de facturation
12,"['facture', 'chauffage', 'temp√©rature']",N√©gatif,80,Probl√®mes de facturation
12,"['gaz', 'facture', 'prix', 'consommation']",N√©gatif,70,Probl√®mes de facturation
7,"['d√©lais', 'intervention', 'eau chaude', 'chauffage', 'contrat', 'effectif']",N√©gatif,80,Pannes et urgences
7,"['ENGIEpartFR', 'parle']",Neutre,0,Hors sujet
7,"['harcelement', 'augmenter', 'mensualites', 'regulation', 'facture']",N√©gatif,70,Probl√®mes de facturation
7,"['vol', 'publicit√© mensong√®re', 'remboursement', 'gaz', 'souscription', 'refus']",N√©gatif,80,Probl√®mes de facturation
6 jours,"['escrocs', 'montants', 'consommations', 'exc√®s', 'facturations']",N√©gatif,80,Probl√®mes de facturation
6 jours,"['gestion', 'clients', 'engie', 'edf']",N√©gatif,70,Service client injoignable
