id,days_elapsed,key_words,classification,priority,category
"1,72517E+18",507,"['attente', 'r√©ponse', 'devis', 'relances', 'service client']",N√©gatif,80,Service client injoignable
"1,72868E+18",471,"['appli', 'monpilotageelec', 'bug']",N√©gatif,60,Probl√®mes avec l‚Äôapplication
"1,73784E+18",445,"['eau chaude', 'relances', 'hiver', 'scandaleux']",N√©gatif,90,Pannes et urgences
"1,74049E+18",438,"['ENGIEpartSAV', 'agence fant√¥me', 'Grand Marseille', 'tribunal', 'mail', 'mise en demeure', 'dgccrf']",N√©gatif,85,Service client injoignable
"1,74068E+18",437,"['eau chaude', 'probl√®me de pression', 'robinetterie', 'clients']",N√©gatif,70,Pannes et urgences
"1,74069E+18",437,"['annulation', 'entretien', 'derni√®re minute', 'service client', 'ne comprennent rien']",N√©gatif,70,Service client injoignable
"1,74071E+18",437,"['chat', '√©change', 'ENGIEpartFR']",N√©gatif,70,Service client injoignable
"1,74073E+18",437,"['facture', 'consommation', 'p√©riode', 'bdd']",N√©gatif,60,Probl√®mes de facturation
"1,7411E+18",436,"['courrier', 'compteur num√©rique', 'scandaleux', ""f√™tes de fin d'ann√©e""]",N√©gatif,80,Avis
"1,7418E+18",434,"['urgent', 'abonnement', 'kwh', 'contrat', 'facture']",N√©gatif,80,Probl√®mes de facturation
"1,74187E+18",434,"['prix', 'gaz', 'offre', 'indexation']",N√©gatif,70,Probl√®mes de facturation
"1,74213E+18",433,"['√©lectricit√©', 'rdv', 'tech', 'janvier', 'temp√©ratures']",N√©gatif,80,Pannes et urgences
"1,74248E+18",432,"['joindre', 'mail', 'r√©ponse', 'forfait', 'site']",N√©gatif,70,Service client injoignable
"1,74256E+18",432,"['compte', 'factures', 'acc√®s']",Neutre,60,Probl√®mes avec l‚Äôapplication
"1,74283E+18",431,"['facture', 'septembre', 'd√©cembre', 'explication']",N√©gatif,70,Probl√®mes de facturation
"1,74289E+18",431,"['pr√©l√®ve', 'sommes', 'justifier', 'situation', 'mois']",N√©gatif,85,Probl√®mes de facturation
"1,7429E+18",431,"['@ENGIEpartSAV', '@ENGIEpartFR', '624.32', 'guerre m√©diatique']",N√©gatif,80,Probl√®mes de facturation
"1,74318E+18",429,"['rembourser', 'd√©lai', '15j', '2 mois', 'attends', 'sous']",N√©gatif,70,Probl√®mes de facturation
"1,74321E+18",429,"['eau chaude', 'chauffage', 'service client']",N√©gatif,80,Pannes et urgences
"1,74365E+18",429,"['DM', 'factures', '280‚Ç¨', 'novembre', '67m2']",N√©gatif,70,Probl√®mes de facturation
"1,74374E+18",429,"['prix', '√©lectricit√©', 'abonnement', 'augmentation', 'guerre', 'Ukraine', 'voleurs']",N√©gatif,80,Probl√®mes de facturation
"1,74443E+18",425,"['appli', 'monpilotageelec', 'bug']",N√©gatif,60,Probl√®mes avec l‚Äôapplication
"1,74444E+18",425,"['appli', 'ne fonctionne pas', 'serveurs plantent']",N√©gatif,70,Probl√®mes avec l‚Äôapplication
"1,74444E+18",425,"['application', 'mon pilotage √©lec', 'en rade', 'vague de temp√©ratures n√©gatives', 'internet', '5ghz']",N√©gatif,60,Probl√®mes avec l‚Äôapplication
"1,74447E+18",425,"['appli', 'r√©glage', 'chauffage', 'connect√©', 'vague de froid', 'enfants']",N√©gatif,80,Probl√®mes avec l‚Äôapplication
"1,74449E+18",427 jours,"['appli', 'froid', 'probl√®me', 'explication']",N√©gatif,70,Probl√®mes avec l‚Äôapplication
"1,74462E+18",426 jours,"['appli', 'monpilotageelec', 'KO', 'matin', 'ENGIEpartSAV', 'ENGIEpartFR']",N√©gatif,70,Probl√®mes avec l‚Äôapplication
"1,7447E+18",425,"['foutage de gueule', 'maison', 'froid', 'prime']",N√©gatif,75,Probl√®mes de facturation
"1,74516E+18",454 jours,"['panne', 'chauffage', 'eau chaude', 'installations', 'ne fonctionne pas', 'Incomp√©tence', 'Probl√®mesTechniques']",N√©gatif,80,Pannes et urgences
"1,74551E+18",452 jours,"['contact', 'technicien', 'pompe √† chaleur', 'service client', 'facture']",N√©gatif,80,Pannes et urgences
"1,74571E+18",423,"['intervention', 'changement', 'pi√®ce', 'chauffage', 'rdv']",N√©gatif,70,Pannes et urgences
"1,74575E+18",453,['suspense'],Neutre,0,Hors sujet
"1,74575E+18",452 jours,"['courant', 'Saint hilaire de clisson']",N√©gatif,70,Pannes et urgences
"1,74576E+18",452,"['courrier', 'renouvellement', 'offre', 'fourniture', 'gaz', '√©lectricit√©', 'prix', 'abonnement', 'kWh', 'annexe']",N√©gatif,70,Probl√®mes de facturation
"1,74625E+18",452 jours,"['d√©panner', 'hiver', 'eau chaude', 'chauffage', 'inhumain']",N√©gatif,90,Pannes et urgences
"1,74661E+18",451,['recontactent'],N√©gatif,60,Service client injoignable
"1,74692E+18",420,"['intervention', 'urgence', 'eau', 'chauffage']",N√©gatif,90,Pannes et urgences
"1,74717E+18",420,"['factures', 'poste', 'D√©materialisation']",N√©gatif,60,Probl√®mes de facturation
"1,74751E+18",418,"['@CDCH_et_Moi', '@CDC_Habitat', '@ENGIEgroup', 'famille']",N√©gatif,70,Avis
"1,74758E+18",418,"['Engie', 'GDF', 'contrats', 'DUO gaz elec', 'EDFofficiel', 'LCP', 'UFCquechoisir', 'ENGIEpartFR']",N√©gatif,70,Avis
"1,74758E+18",418,"['facture', '300 balles', 'aide']",N√©gatif,70,Probl√®mes de facturation
"1,74762E+18",419,"['eau chaude', ""agence d'Amiens"", 'arnaqueengie']",N√©gatif,80,Pannes et urgences
"1,74763E+18",418,"['√©lectricit√© verte', 'contrat de gaz', 'facturez', 'volez']",N√©gatif,70,Probl√®mes de facturation
"1,74828E+18",417,"['probl√®me', 'intervention', 'chauffage', 'Picardie']",N√©gatif,85,Pannes et urgences
"1,7487E+18",415,"['mensualisation', 'baisser', 'doubl√©e']",N√©gatif,70,Probl√®mes de facturation
"1,74903E+18",420,"['r√©siliation', 'remboursement', 'signalement', 'incomp√©tence']",N√©gatif,80,Probl√®mes de facturation
"1,74912E+18",421,"['contact', 'panne', 'chaudi√®re', 'install√©e', 'pay√©e', 'prix fort', 'ne fonctionnait plus']",N√©gatif,70,Pannes et urgences
"1,74912E+18",424,"['historique', 'consommations', '√©lectricit√©', 'fichier', 'relev√©s', 'mensuels', 'suivi', 'horaire']",Neutre,30,Probl√®mes avec l‚Äôapplication
"1,74936E+18",413,"['ENGIEpartSAV', 'UFCquechoisir', 'aider', 'ennemis', 'marre']",N√©gatif,80,Service client injoignable
"1,74944E+18",420,"['intervention urgente', 'chaudi√®re', 'SAV', 'urgence', 'imm√©diat']",N√©gatif,85,Pannes et urgences
"1,74987E+18",412,"['tarifs', '√©lectricit√©', 'gaz', 'tax√©', 'CO2']",N√©gatif,70,Avis
"1,75017E+18",411,"['gaz', 'augmentation', 'consommation', 'contrat']",N√©gatif,70,Probl√®mes de facturation
"1,75029E+18",411,"['ENGIEpartFR', 'ENGIEpartSAV', 'engie', 'electricite', 'arnaque']",N√©gatif,70,Probl√®mes de facturation
"1,7503E+18",410,"['facture', 'intervention', 'technicien', 'contact', 'soucis']",N√©gatif,85,Probl√®mes de facturation
"1,75045E+18",410,"['espace client', 'site', 'facture', 'aberration']",N√©gatif,70,Probl√®mes de facturation
"1,75046E+18",410,"['radiateur', ""mode d'emploi"", 'pr√©-r√©glages', 'consommation journali√®re']",Neutre,30,Avis
"1,75078E+18",409 jours,"['service client', 'compteur linky', 'communiquant', 'relance']",N√©gatif,70,Service client injoignable
"1,75087E+18",409,"['compteur', 'relances', 'rendez vous', 'facture erron√©e', 'conseillers']",N√©gatif,80,Probl√®mes de facturation
"1,75125E+18",409,"['escrocs', 'contrat', 'maintenance', 'd√©pannage', 'annul√©s', 'sans r√©ponse']",N√©gatif,80,Service client injoignable
"1,75125E+18",408,"['remboursement', 'contrat', 'maintenance', 'S√âCURIT√â', 'honor√©']",N√©gatif,70,Probl√®mes de facturation
"1,75125E+18",408,"['joindre', 'agence', 't√©l√©phone', 'r√©ponse', 'contact', 'courrier', 'AR', 'rappel', 'honte', 'dgccrf', 'plainte', 'escroquerie']",N√©gatif,85,Service client injoignable
"1,75224E+18",405 jours,"['facture', 'recouvrement', 'r√©clame', 'somme']",N√©gatif,80,Probl√®mes de facturation
"1,7523E+18",405 jours,"['facture', 'r√©gularisation', '√©lectricit√©', 'paiement', 'm√©prisant', 'hautain']",N√©gatif,80,Probl√®mes de facturation
"1,75258E+18",434 jours,"['suivi de conso', 'cass√©', 'Elec', 'Gaz']",N√©gatif,70,Probl√®mes avec l‚Äôapplication
"1,75264E+18",434,"['panne', 'chaudi√®re', 'femme', '94 ans', 'autorit√©s judiciaire', 'DGCCRF', 'POITIERS']",N√©gatif,90,Pannes et urgences
"1,75265E+18",404,"['facture', 'consommation', 'po√™le √† bois', '√©conomies', 'business']",N√©gatif,70,Probl√®mes de facturation
"1,75268E+18",403 jours,"['@ENGIEpartFR', '#FoutageDeGueule', 'ü§¨']",N√©gatif,80,Probl√®mes de facturation
"1,75274E+18",404,"['EnergiesRenouvelables', 'ENGIEChile', 'TransitionEnerg√©tique', 'EnR']",Positif,0,Avis
"1,75274E+18",406 jours,"['service client', 'bug', 'espace client', 'suivi conso', 'rappeler', 'probl√®me', 'transfert']",N√©gatif,70,Probl√®mes avec l‚Äôapplication
"1,75301E+18",404,"['connexion', 'espace client', 'erreur']",N√©gatif,70,Probl√®mes avec l‚Äôapplication
"1,75301E+18",404,"['connexion', 'site', 'client', 'erreur', 'adresse IP']",N√©gatif,70,Probl√®mes avec l‚Äôapplication
"1,75306E+18",404,"['rappel de charges', 'copropri√©t√©', 'locataire', 'eau chaude', 'chaudi√®re', 'chauffage', 'bouclier tarifaire']",N√©gatif,80,Probl√®mes de facturation
"1,75343E+18",403,"['rendez-vous', 'entretien', 'clim gainable', 't√©l√©operateurs']",N√©gatif,70,Service client injoignable
"1,75347E+18",403 jours,"['probl√®me', 'r√©gler', 'rapidement']",N√©gatif,70,Hors sujet
"1,75379E+18",399,"['protectiondesdonnees', 'fournisseur', '√©lectricit√©', 'messages vocaux', '√©conomies', 'avis']",N√©gatif,70,Avis
"1,75442E+18",400,"['espace client', 'WAF', 'AWS CloudFront', 'adresse IP', 'logs']",N√©gatif,70,Probl√®mes avec l‚Äôapplication
"1,75444E+18",400,"['application', 'consommation', 'bug']",N√©gatif,60,Probl√®mes avec l‚Äôapplication
"1,7549E+18",400,"['factures', 'ENGIEpartFR', 'ENGIEgroup', '2021', '2022', '2023']",N√©gatif,70,Probl√®mes de facturation
"1,75514E+18",426,"['facture', '√©lectricit√©', 'augmentation']",N√©gatif,80,Probl√®mes de facturation
"1,75536E+18",396,"['suivi conso', 'facture', 'diff√©rence', 'conso', 'temps r√©el']",N√©gatif,70,Probl√®mes de facturation
"1,7555E+18",396,"['√©lectricit√©', 'facture', 'chauffage', 'merci']",N√©gatif,70,Probl√®mes de facturation
"1,75585E+18",425,"['factures', 'appli mobile', 'site internet', 'consommation', 'geste commercial', 'impossible']",N√©gatif,70,Probl√®mes avec l‚Äôapplication
"1,75588E+18",395,"['appli', 'carafe', 'saouler']",N√©gatif,70,Probl√®mes avec l‚Äôapplication
"1,75604E+18",395,"['abonnement', 'gaz', 'augmenter', 'pr√©venir', 'tarifs']",N√©gatif,80,Probl√®mes de facturation
"1,75607E+18",395,"['voler', 'scandaleux', 'arnaques']",N√©gatif,85,Probl√®mes de facturation
"1,75642E+18",394 jours,['pire'],N√©gatif,70,Hors sujet
"1,7568E+18",394,"['pr√©l√®ve', 'compteur', 'erreur', 'service client', 'factures']",N√©gatif,80,Probl√®mes de facturation
"1,75699E+18",422,"['consomme', 'augmente', 'tarifs', 'mensualit√©s', 'plaisir']",N√©gatif,70,Probl√®mes de facturation
"1,75702E+18",422,"['#harcelement', '#ledivorceinterdit', 'Harc√®lement abusif']",N√©gatif,70,Probl√®mes avec l‚Äôapplication
"1,75704E+18",393,"['engagements contractuels', 'foyers', 'eaux chaudes']",N√©gatif,80,Pannes et urgences
"1,75737E+18",392,"['ballon', 'secours', 'consomme', 'communication', 'unit√©s', 'position']",N√©gatif,70,Pannes et urgences
"1,75737E+18",393,"['r√©clamation', 'r√©ponse', 'DEM2401-62362811']",N√©gatif,70,Service client injoignable
"1,75745E+18",422,"['service', 'travaux', 'chaudi√®re', 'chauffage', 'eau chaude', 'gal√®re']",N√©gatif,80,Pannes et urgences
"1,75769E+18",390,"['pubs TV', 'chauffage', 's√®che-cheveux']",N√©gatif,30,Service client injoignable
"1,75818E+18",389,"['voleurs', 'tarifs', 'inflation', 'kWh', 'UFCquechoisir', 'med_energie', 'RolandLescure']",N√©gatif,80,Probl√®mes de facturation
"1,75879E+18",386,"['contrat', 'facturation', 'service client']",N√©gatif,70,Probl√®mes de facturation
"1,75894E+18",388,"['√©lectricit√©', 'corrige', 'ENGIEpartFR']",N√©gatif,70,Probl√®mes de facturation
"1,75933E+18",386,"['appli', 'marchera', 'semaines']",N√©gatif,70,Probl√®mes avec l‚Äôapplication
"1,75955E+18",385,"['hausse', 'inform√©']",Neutre,60,Probl√®mes de facturation
"1,75956E+18",385,"['chauffe', 'racket', 'marche']",N√©gatif,70,Probl√®mes de facturation
"1,75957E+18",385,"['√©lectricit√©', 'consommation', 'facture', 'b√©n√©fice']",N√©gatif,80,Probl√®mes de facturation
"1,75984E+18",384 jours,"['MP', 'svp']",Neutre,20,Service client injoignable
"1,75989E+18",384 jours,"['tarif', 'gaz', 'contrat']",N√©gatif,70,Probl√®mes de facturation
"1,75999E+18",384 jours,"['augmentations', 'co√ªt', 'abonnement']",N√©gatif,70,Probl√®mes de facturation
"1,76036E+18",383,"['frauduleux', 'usurpant', 'informations', 'bloctel', 'p√©nible', 'service juridique']",N√©gatif,70,Hors sujet
"1,76037E+18",383,"['mensualit√©s', 'augmente', 'conso', '250‚Ç¨']",N√©gatif,70,Probl√®mes de facturation
"1,76058E+18",382,"['ENGIE', 'ENEDIS', 'factures', '√©normes', 'incoh√©rentes', 'augmentent', 'explications', 'justice']",N√©gatif,80,Probl√®mes de facturation
"1,76062E+18",382,"['arnaque', 'factures', 'incoh√©rentes', 'explications', 'consommation', 'chauffage']",N√©gatif,85,Probl√®mes de facturation
"1,76064E+18",382,"['Merci', 'informations', '@ENGIEpartFR']",Positif,0,Avis
"1,76098E+18",381,['ENGIEpartFR'],Neutre,20,Hors sujet
"1,76168E+18",349,"['contrat', 'facturer', 'fraude']",N√©gatif,80,Probl√®mes de facturation
"1,76173E+18",380,"['factures', 'joindre', 'prix', 'augmentation']",N√©gatif,80,Probl√®mes de facturation
"1,76202E+18",378,"['chauffage', 'eau chaude', 'hiver', 'Engie']",N√©gatif,80,Pannes et urgences
"1,76204E+18",348,"['@ENGIEpartSAV', 'r√©clame', '572,22‚Ç¨', 'somme', 'abonnements', 'consommations', '@EDFofficiel']",N√©gatif,80,Probl√®mes de facturation
"1,76238E+18",377,"['facture', 'chauffage', 'isolation', 'appartement']",N√©gatif,70,Probl√®mes de facturation
"1,76242E+18",407 jours,"['√©conomies', '√©nergie', 'chauffage']",Neutre,0,Hors sujet
"1,76248E+18",378,"['panne', 'site', 'acc√®s']",N√©gatif,70,Probl√®mes avec l‚Äôapplication
"1,76272E+18",345,"['probl√®me', 'pr√©lev√©', 'facture', 'erreur']",N√©gatif,85,Probl√®mes de facturation
"1,76275E+18",376,"['dossier', 'pi√®ce', 'eau chaude', 'chauffage', 'hiver', 'abonnement', 'entretien', 'service']",N√©gatif,80,Pannes et urgences
"1,76277E+18",345,"['employ√©s', 'racroche', 'nez']",N√©gatif,70,Service client injoignable
"1,76281E+18",346,[],Neutre,0,Hors sujet
"1,76282E+18",345,"['rdv annul√©s', 'entretien annuel', 'chaudi√®re', 'probl√®mes']",N√©gatif,70,Pannes et urgences
"1,76286E+18",345,"['mensualit√©', 'augmenter', 'pr√©l√®vements', 'scandaleux']",N√©gatif,85,Probl√®mes de facturation
"1,76287E+18",345,"['facture', 'demande', '3 min', 'onglets', 't√©l√©charger', 'documents']",N√©gatif,70,Probl√®mes de facturation
"1,76293E+18",346,"['SAV', 'd√©pannage', 'b√©b√©', 'chauffage']",N√©gatif,80,Pannes et urgences
"1,76329E+18",375,"['facture', 'augment√©', 'chauffages', 'escrocs']",N√©gatif,80,Probl√®mes de facturation
"1,76341E+18",374,"['ENGIEpartFR', 'boulot', 'aberrant', 'situation']",N√©gatif,75,Service client injoignable
"1,76344E+18",374,"['contrat gaz', 'supprim√©', ""frais d'abo"", 'frais de souscription']",N√©gatif,80,Probl√®mes de facturation
"1,76353E+18",344,"['incompetence', 'SAV', 'pr√©l√®vements']",N√©gatif,80,Service client injoignable
"1,76353E+18",374,"['harcelement', 'incompetence', 'dysfonctionnements']",N√©gatif,90,Service client injoignable
"1,76353E+18",374,"['incompetence', 'soucis', 'honte']",N√©gatif,80,Service client injoignable
"1,76354E+18",374,"['gaz', 'contrat', 'harc√®lement', 'mail', 'physique', 'd√©noncer']",N√©gatif,80,Pannes et urgences
"1,76436E+18",341,"['facture', 'prix', 'insatisfaction']",N√©gatif,80,Probl√®mes de facturation
"1,76458E+18",371,"['ENGIEpartFR', 'FICHE CLIENT', 'LORDINATEUR NE MARCHE PAS']",N√©gatif,70,Probl√®mes avec l‚Äôapplication
"1,76459E+18",371,"['t√©l√©phone', 'attends', 'ligne']",N√©gatif,70,Service client injoignable
"1,76469E+18",371,"['espace client', 'adresse', ""changement d'adresse"", 'application']",N√©gatif,60,Probl√®mes avec l‚Äôapplication
"1,76497E+18",369,"['prix', 'Kwh']",Neutre,20,Avis
"1,76513E+18",369,"['√©ch√©ancier', 'revalorisation', 'prix', 'consommation']",N√©gatif,70,Probl√®mes de facturation
"1,7653E+18",369 jours,"['√©lectrom√©nager', 'heure creuse', 'lave-linge', 'lave-vaisselle']",Neutre,0,Hors sujet
"1,76548E+18",369,"['prix', 'consommation', 'F√©vrier', 'magie', 'Kwh', 'cts', 'contrat']",N√©gatif,70,Probl√®mes de facturation
"1,76573E+18",365,"['facture', 'consomm√©', 'pognon']",N√©gatif,70,Probl√®mes de facturation
"1,766E+18",367,"['consommation', 'application', 'probl√®me', 'contacter']",Neutre,60,Probl√®mes avec l‚Äôapplication
"1,76602E+18",366,"['ENGIEpartSAV', 'agence', 'Grand Marseille', 'rappeler', 'clients', 'mois', 'attends', 'appels', 'conseillers', 'montant', 'facture', 'd√©bit√©', '24h']",N√©gatif,75,Service client injoignable
"1,76605E+18",366,"['d√©m√©nagement', 'contrat √©lectrique', 'adresse', 'espace client']",Neutre,60,Probl√®mes avec l‚Äôapplication
"1,76612E+18",366,"['d√©m√©nag√©', 'supprimer', 'e-mail', 'adresse', 'activer', 'espace personnel']",N√©gatif,70,Probl√®mes avec l‚Äôapplication
"1,76612E+18",366,"['conseill√®re', 'adresse e-mail', 'heures creuses', 'cr√©neau', 'patienter']",N√©gatif,70,Service client injoignable
"1,76618E+18",366,"['pb de facture', 'appelle', 'souci']",N√©gatif,70,Probl√®mes de facturation
"1,76681E+18",365,"['contrat', 'prix', 'kwh', 'fourniture', '√©voluer', 'r√©gularis√©e']",N√©gatif,70,Probl√®mes de facturation
"1,76689E+18",365,"['contrat', 'prix', 'conso', 'fourniture', 'kwh', 'tarif', 'augmenter', 'conseillers', 'comprendre', 'mentent']",N√©gatif,80,Probl√®mes de facturation
"1,76727E+18",364,"['facture', 'scandaleuse', '616‚Ç¨']",N√©gatif,80,Probl√®mes de facturation
"1,76753E+18",364,"['facture', 'somme', 'annuler', 'relev√© de compte']",N√©gatif,70,Probl√®mes de facturation
"1,76759E+18",364,"['technicien', 'r√©serve', 'maison', 'apr√®s-midi', 'parking', 'coll√®gue']",N√©gatif,70,Service client injoignable
"1,76792E+18",361,"['surfacturez', 'conso √©lectrique']",N√©gatif,70,Probl√®mes de facturation
"1,76794E+18",362,"['rdv', 'annul√©', 'perds patience']",N√©gatif,80,Service client injoignable
"1,76828E+18",360,"['application', 'refonctionner', 'inaccessible']",N√©gatif,70,Probl√®mes avec l‚Äôapplication
"1,76832E+18",362,"['ENGIEpartFR', 'porte √† porte', 'chauffage', ""d√©partement de l'Essonne""]",N√©gatif,70,Avis
"1,76861E+18",360,"['consommation', 'abonnement', 'conso', 'diff√©rence']",Neutre,40,Probl√®mes de facturation
"1,76867E+18",360,"['facture', '√©lectricit√©', 'anxiolytiques']",N√©gatif,85,Probl√®mes de facturation
"1,76969E+18",356,"['appel t√©l√©phonique', 'locataire', 'propri√©taire', 'raccroche']",N√©gatif,70,Service client injoignable
"1,7698E+18",354,"['augmentation', 'kWh', 'appels', 'conseillers', '√©vasive', '√©lectricit√©', 'consommateur', '√©nergie', 'arnaque']",N√©gatif,80,Probl√®mes de facturation
"1,77003E+18",355,"['consommation', 'facture', 'vol']",N√©gatif,80,Probl√®mes de facturation
"1,77006E+18",356,"['voleurs', 'trafiquent', 'donn√©es', 'd√©conseille', 'fournisseur', '√©conomie', 'syst√®me', 'temps r√©el', 'coh√©rent']",N√©gatif,80,Probl√®mes de facturation
"1,77011E+18",356,"['application', 'ramasse', 'vitesse sup√©rieure']",N√©gatif,60,Probl√®mes avec l‚Äôapplication
"1,77037E+18",354,"['engie', 'clim', 'mois', 'attends', 'rappelle', 'sans r√©sultat', 'bravo', 'action']",N√©gatif,75,Service client injoignable
"1,77077E+18",354,"['espace client', 'site']",Neutre,40,Probl√®mes avec l‚Äôapplication
"1,77081E+18",354,"['prix', '√©lectricit√©', 'augment√©', 'mars', 'chauffage']",N√©gatif,70,Probl√®mes de facturation
"1,77107E+18",352,"['gazini√®re', 'odeur', 'chauffage', 'compteur', 'facture']",N√©gatif,70,Pannes et urgences
"1,77119E+18",352,"['@ENGIEpartFR', '@ENGIEpartSAV', 'arnaque']",N√©gatif,70,Service client injoignable
"1,7715E+18",352,"['sms', 'num√©ro de t√©l√©phone', 'arnaques', 'd√©marchage']",Neutre,60,Service client injoignable
"1,77165E+18",351,"['ch√®que √©nergie', '100 balles', 'trop cher']",N√©gatif,70,Probl√®mes de facturation
"1,77218E+18",350,"['prix', 'augmente', 'frigo', 'vide']",N√©gatif,70,Probl√®mes de facturation
"1,77224E+18",350,"['plages horaires', 'heures creuses', 'souscription', 'contrat √©lec', 'escrocs']",N√©gatif,80,Probl√®mes de facturation
"1,77224E+18",350,"['fournisseur', '√©lectricit√©', 'contrat', 'mensualisation', 'justificatif de domicile']",N√©gatif,80,Service client injoignable
"1,77263E+18",349,"['couteau sous la gorge', 'service client', 'culpabiliser', 'arnaquer', 'bouclier √©nergie', 'anxi√©t√©']",N√©gatif,85,Probl√®mes de facturation
"1,77263E+18",350,"['mensualit√©s', 'mail', '213 euros']",N√©gatif,70,Probl√®mes de facturation
"1,77289E+18",379,"['@ENGIEpartFR', '@GRDF', 'smart', 'gas meter', 'miscalibrated', 'customer service', 'fait le n√©cessaire', 'HELP']",N√©gatif,80,Probl√®mes de facturation
"1,7729E+18",347,"['facture', '√©lev√©e', 'explications']",N√©gatif,70,Probl√®mes de facturation
"1,77301E+18",348,"['facture', 'installation', '√©change']",N√©gatif,70,Probl√®mes de facturation
"1,77302E+18",348,"['eau chaude', 'chauffage', 'GRDF', 'r√©glages']",N√©gatif,80,Pannes et urgences
"1,77325E+18",346,"['contrat', '√©lectricit√©', 'gaz', 'coup√©', 't√¥t', 'bb', 'frigo', 'plainte']",N√©gatif,90,Pannes et urgences
"1,77411E+18",345,"['√©lectricit√©', 'estimation mensuelle']",Neutre,10,Avis
"1,77489E+18",344,"['facture', 'estimation', 'consommation', 'abonnement']",N√©gatif,70,Probl√®mes de facturation
"1,77513E+18",342,"['rdv', 'contrat', 'honte']",N√©gatif,80,Service client injoignable
"1,77518E+18",342,"['appels', 'comprendre', 'demande', 'raccrochent']",N√©gatif,70,Service client injoignable
"1,77521E+18",342,"['contrat', 'entretien', 'PAC', 'gal√®res']",N√©gatif,70,Avis
"1,77521E+18",342,"['technicien', 'eau froide', 'r√©gulation thermique', 'disjoncteur']",N√©gatif,75,Pannes et urgences
"1,77547E+18",341,"['power', 'sick', 'ENGIEpartSAV', 'GRDF', 'smart meter', 'photos']",N√©gatif,80,Pannes et urgences
"1,77553E+18",341,"['r√©gularisation', 'chauffant', 'voleurs', 'incomp√©tente']",N√©gatif,90,Probl√®mes de facturation
"1,77555E+18",341,"['entretien', 'chaudi√®re', 'attente']",N√©gatif,70,Service client injoignable
"1,77556E+18",341,"['pirater', 'donn√©es', 'vendre', 'Datas', 'sms', 'num√©ros non commerciaux', 'intol√©rable']",N√©gatif,80,Service client injoignable
"1,77558E+18",341,"['escrocs', 'appel√©', 'promis', 'rappeler', 'situation', 'respect', 'clients', 'engie', 'escroquerie', 'mensonge']",N√©gatif,85,Service client injoignable
"1,77576E+18",339,"['facture', 'kilowattheure', 'service client', 'site']",N√©gatif,80,Probl√®mes de facturation
"1,77582E+18",339,"['mensualisation', 'facture', 'geste commercial']",N√©gatif,70,Probl√®mes de facturation
"1,77616E+18",339,"['ENGIE', 'mafieuse', 'responsable', 'condamn√©e']",N√©gatif,90,Service client injoignable
"1,77653E+18",338,"['Facture', '√©lectricit√©', '√©tudiante', 'd√©tail', 'conso']",N√©gatif,70,Probl√®mes de facturation
"1,77704E+18",337,"['consommation', '√©lectricit√©', 'pics']",Neutre,30,Probl√®mes de facturation
"1,77728E+18",336,"[""fournisseur d'√©nergie"", 'panneaux photovolta√Øques', 'HLM', 'Bloctel']",N√©gatif,70,Service client injoignable
"1,77735E+18",335,"['prix', 'kWh', 'heures creuses', 'voleurs', 'gouvernement']",N√©gatif,70,Probl√®mes de facturation
"1,77736E+18",334,"['prix', 'kwh', '√©lectricit√©', 'contrat', 'augmentation', 't√©l√©phone', 'mail']",N√©gatif,70,Probl√®mes de facturation
"1,77764E+18",334,"['√©lectricit√©', '12eme jour', 'sans √©lectricit√©']",N√©gatif,80,Pannes et urgences
"1,77774E+18",334,"['ENGIEpartFR', 'ENGIEgroup', 'poireauter', '0969321953', 'modifier un nom', 'contrat', 'espace personnel', 'Service clients', 'abonn√©s absents']",N√©gatif,70,Service client injoignable
"1,77804E+18",334,"['d√©marchage', 'malhonn√™tet√©', 'offres', '√©lectricit√©']",N√©gatif,70,Avis
"1,77844E+18",333,"['@ENGIEpartFR', 'luxe', 'manger', 'laver', 'eau', 'bougies']",N√©gatif,70,Pannes et urgences
"1,77845E+18",333,"['facture', 'r√©gularisation', 'mensualisations', 'SDF', 'Bouclier Tarifaire']",N√©gatif,80,Probl√®mes de facturation
"1,77876E+18",332,"['contrat', 'recouvrement', 'client', 't√©l√©phone']",N√©gatif,80,Probl√®mes de facturation
"1,77981E+18",329,"['client', '√©tranger', 'cl√¥turer', 'service']",Neutre,30,Hors sujet
"1,77999E+18",328,"['kw/h', '‚Ç¨', '@ENGIEpartFR']",N√©gatif,70,Probl√®mes de facturation
"1,78012E+18",328,"['facturation', 'geste commercial', 'service client', 'incomp√©tents']",N√©gatif,70,Probl√®mes de facturation
"1,78015E+18",328,"['contrat', 'r√©sili√©', 'consentement', 'faute', 'Erreur', '√ânergie', 'LenteurCognitive']",N√©gatif,80,Probl√®mes de facturation
"1,78024E+18",328,"['augmentation', 'prix', 'r√©silier', 'recours']",N√©gatif,70,Probl√®mes de facturation
"1,7805E+18",328,"['mensualisation', 'facture', 'incomp√©tents']",N√©gatif,80,Probl√®mes de facturation
"1,78063E+18",327,"['service client', 'ENGIEpartFR']",N√©gatif,70,Service client injoignable
"1,78068E+18",326,"['facture', 'consommation', 'explication']",N√©gatif,70,Probl√®mes de facturation
"1,78086E+18",326,"['panne', 'chaudi√®re', 'intervention', 'r√©paration', 'pi√®ces']",N√©gatif,80,Pannes et urgences
"1,78213E+18",323,"['arnaque', 'tarif week-end', 'inscription', 'service clients', 'inacceptable']",N√©gatif,80,Probl√®mes de facturation
"1,78233E+18",323,"['abonnement', 'gaz', 'hausse', 'justifier']",N√©gatif,70,Probl√®mes de facturation
"1,78264E+18",321,"['augmentation', 'abonnement', 'inadmissible', '√©nergie', 'gaz']",N√©gatif,80,Probl√®mes de facturation
"1,78272E+18",322,"['facture', 'pr√©l√®vement', 'compte', 'r√©silie', 'client']",N√©gatif,85,Probl√®mes de facturation
"1,78302E+18",319,"['mensualisation', '307.12', '3 378.32‚Ç¨', '1000', '2 380.88‚Ç¨']",N√©gatif,70,Probl√®mes de facturation
"1,78353E+18",319,"['@ENGIEpartFR', 'arnaquer', 'heures pleines', 'heures creuses', 'contrat', 'facturer']",N√©gatif,80,Probl√®mes de facturation
"1,78398E+18",318,['service'],N√©gatif,80,Service client injoignable
"1,78538E+18",315,"['gaz', 'Engie']",N√©gatif,70,Probl√®mes de facturation
"1,786E+18",312,"['abonnement', 'prix', 'kWh', 'open bar']",N√©gatif,70,Probl√®mes de facturation
"1,78609E+18",312,"['gaz', 'factures impay√©es', 'geste commercial']",N√©gatif,80,Probl√®mes de facturation
"1,78609E+18",312,"['ENGIEpartFR', ""captures d'√©cran"", 'lien']",Neutre,50,Hors sujet
"1,78627E+18",311,"['suivi', 'montant', 'conso', 'gaz', 'augmenter']",N√©gatif,70,Probl√®mes de facturation
"1,78627E+18",341,"['conso', '√©lectricit√©', '25‚Ç¨', 'conso mensuelle']",N√©gatif,70,Probl√®mes de facturation
"1,78643E+18",311,"['demande', 'internet', 'num√©rique', 'affolant']",N√©gatif,70,Probl√®mes avec l‚Äôapplication
"1,78738E+18",338,"['facture', 'prix', 'kw/h', 'mise √† jour', 'conso']",N√©gatif,70,Probl√®mes de facturation
"1,78739E+18",308,"['factures', 'acc√®s']",N√©gatif,60,Probl√®mes de facturation
"1,78818E+18",305,"['augmentation', 'tarif']",N√©gatif,70,Probl√®mes de facturation
"1,78924E+18",302,"['facturation', 'erreur', 'payer', 'somme', 'blague']",N√©gatif,75,Probl√®mes de facturation
"1,78924E+18",302,"['prix', 'kWh', '√©lectrique', 'augmente', 'abonnement', '@ENGIEpartFR', '@ENGIEgroup']",N√©gatif,70,Probl√®mes de facturation
"1,78993E+18",331,"['renouvellement', 'contrat', 'consommation', 'obligation', 'gaz', '√©lectricit√©', 'TVA']",N√©gatif,60,Probl√®mes de facturation
"1,78995E+18",301,"['ENGIEpartFR', 'ENGIEgroup', 'Engie', 'technicien', 'site', 'maintenance', 'DM']",N√©gatif,70,Service client injoignable
"1,78998E+18",331,"['probl√®me', 'urgent', 'chat', 'site', 'conseiller']",N√©gatif,70,Service client injoignable
"1,79042E+18",300,"['payer', 'pr√©venu', 'mensualit√©', 'explication']",N√©gatif,80,Probl√®mes de facturation
"1,79063E+18",329,"['pr√©lever', 'espace client', 'mail', 'paiement']",N√©gatif,80,Probl√®mes de facturation
"1,79103E+18",328,"['Prix', 'Macron', 'pigeonne']",N√©gatif,70,Probl√®mes de facturation
"1,79107E+18",298,"['mensualit√©', 'contrat', 'Totalenergies']",Neutre,30,Probl√®mes de facturation
"1,79107E+18",298,"['ENGIEpartFR', 'ENGIE', 'm√©diateur', 'ENERGIE', 'arnaque', 'QUITTER']",N√©gatif,80,Probl√®mes de facturation
"1,7911E+18",298,"['abonnement', 'gaz', 'consommation', 'bougie']",N√©gatif,70,Probl√®mes de facturation
"1,79181E+18",297,"['r√©silier', 'contrat', 'impossible', 'joindre', 'service']",N√©gatif,70,Service client injoignable
"1,79227E+18",326,"['facture', '100‚Ç¨', 'bordel', 'explication']",N√©gatif,80,Probl√®mes de facturation
"1,79256E+18",294,['ENGIEpartFR'],N√©gatif,50,Service client injoignable
"1,79257E+18",324,"['SMS', 'attestation', 'ch√®que √©nergie', 'reconduction automatique']",N√©gatif,70,Probl√®mes de facturation
"1,79289E+18",323,"['maison', 'pertes', 'chaleur', 'ENGIEpartFR']",Neutre,0,Hors sujet
"1,79318E+18",292,"['merci', 'ENGIEpartFR', 'devez', '500‚Ç¨']",N√©gatif,70,Probl√®mes de facturation
"1,79319E+18",292,"['vol√©', '500‚Ç¨']",N√©gatif,80,Probl√®mes de facturation
"1,79324E+18",323,"['facture', 'augmentation']",N√©gatif,70,Probl√®mes de facturation
"1,79332E+18",323,"['tarifs', 'en ligne', 't√©l√©phone', 'messagerie']",Neutre,20,Avis
"1,79369E+18",322,"['gaz', 'copropri√©t√©', 'Romainville', 'defaut de paiement', 'relance', 'familles', 'nourrissons', 'eau chaude']",N√©gatif,90,Pannes et urgences
"1,79376E+18",321,"['√©lectricit√©', 'r√©guler']",N√©gatif,70,Probl√®mes de facturation
"1,79401E+18",319,"['GRDF', 'ENGIEpartFR', 'Kafka', 'factures']",N√©gatif,70,Service client injoignable
"1,7943E+18",319,"['devis', 'changer', 'fournisseur']",Neutre,20,Hors sujet
"1,79464E+18",318,"['erreurs de facturation', 'scandaleux']",N√©gatif,80,Probl√®mes de facturation
"1,79476E+18",288,"['facture', 'compteur Linky', 'Enedis', 'alerte', 'studio']",N√©gatif,80,Probl√®mes de facturation
"1,79476E+18",318,"['factures', 'conseiller', 'contrat', '√©lectricit√©']",N√©gatif,70,Probl√®mes de facturation
"1,79535E+18",317,"['fraude', 'R√©novationEnerg√©tique', 'CEE', 'factures']",N√©gatif,70,Probl√®mes de facturation
"1,79572E+18",285,"['consomme', '√©lectricit√©', 'appartement', 'chauffages', 'ENGIEpartFR', 'quitte']",N√©gatif,70,Probl√®mes de facturation
"1,7959E+18",315,"['factures', 'escroquer', 'contrat', 'bloqu√©', 'kwh', 'espace client']",N√©gatif,80,Probl√®mes de facturation
"1,79641E+18",313,"['facturation', 'abusive', 'gaz', 'consommation', 'r√©pondent pas', 'd√©sinvolture']",N√©gatif,80,Probl√®mes de facturation
"1,79657E+18",313,"['augmentation', 'abonnement', 'Gaz']",N√©gatif,70,Probl√®mes de facturation
"1,79757E+18",309 jours √©coul√©s entre la date de cr√©ation et la date actuelle.,"['connexion', 'site', 'probl√®me']",N√©gatif,60,Probl√®mes avec l‚Äôapplication
"1,79827E+18",308,"['facture', 'consommation', 'probl√®me']",N√©gatif,80,Probl√®mes de facturation
"1,79846E+18",278,"['augmentation', 'abonnement']",N√©gatif,70,Probl√®mes de facturation
"1,79861E+18",307,"['salari√©', 'menacer', 'dossier', 'client', 'm√©nage', 'services']",N√©gatif,80,Service client injoignable
"1,79868E+18",306,"['√©ch√©ancier', 'prix', 'communication']",N√©gatif,70,Probl√®mes de facturation
"1,79868E+18",307,"['r√©siliation', 'contrat', 'service facturation', 'rembours√©', 'service non fait']",N√©gatif,75,Probl√®mes de facturation
"1,79874E+18",277 jours,"['appli', 'd√©connecte', 'authentification', 'illisible', 'usine √† gaz']",N√©gatif,70,Probl√®mes avec l‚Äôapplication
"1,79906E+18",276,"['musique', 'attente', 'conseiller', 'Engie', 'exorciste']",N√©gatif,40,Service client injoignable
"1,79907E+18",276,"['raccroch√©', 'attente', 'pas cool', '@ENGIEpartFR']",N√©gatif,70,Service client injoignable
"1,79911E+18",275,"['t√©l√©phone', 'conseiller', 'maison', 'force', 'mono', 'linky', 'co√ªt']",N√©gatif,60,Service client injoignable
"1,79972E+18",273,"['augmentation', 'tarifs', 'contrat', 'conso', 'gazpasserelle', 'ENGIE', 'assist telephonique']",N√©gatif,70,Service client injoignable
"1,80057E+18",271,"['svc clients', 'Appeler', 'conseillers arrogants', 'remboursements', 'sommes ind√ªment per√ßues']",N√©gatif,80,Service client injoignable
"1,80082E+18",271,"['pr√©leviez', 'informer', 'estimations', 'relever', 'compteur', 'voleur']",N√©gatif,80,Probl√®mes de facturation
"1,80309E+18",265,"['consommations', 'rembourser', 'trop per√ßus']",N√©gatif,80,Probl√®mes de facturation
"1,80334E+18",265,"['RDV', 'IA', 'relationclients', 'ENGIE', 'HECParis', 'Artefact_France', 'ENGIEpartFR', 'bymaddyness', 'collaborationcommerciale']",Neutre,0,Hors sujet
"1,8037E+18",263,"['@ENGIEpartSAV', 'DM']",Neutre,20,Hors sujet
"1,80442E+18",261,"['tarifs', 'factures', 'handicap√©']",N√©gatif,80,Probl√®mes de facturation
"1,80515E+18",260,"['Extrait de compte comptable', 'surfacturer']",N√©gatif,70,Probl√®mes de facturation
"1,80532E+18",259,"['prix', 'KWh', 'factures', 'r√©gularisation', 'fournisseur']",N√©gatif,80,Probl√®mes de facturation
"1,80626E+18",256,"['Mon Pilotage Elec', 'ENGIEgroup', 'ENGIEInnov', 'engieimpact', 'ENGIEpartFR', 'JAgisAvecENGIE']",N√©gatif,70,Avis
"1,80643E+18",256,"['@ENGIEpartFR', '@ENGIEpartSAV', '#MonPilotageElec', '#JAgisAvecENGIE']",Positif,0,Avis
"1,80668E+18",255 jours,"['contacter', 'responsable', 'disponible', 'conseillers']",N√©gatif,70,Service client injoignable
"1,80786E+18",252,"['contrat', 'souscris', 'honeteux']",N√©gatif,70,Service client injoignable
"1,80797E+18",281,"['r√©sili√©', 'contrats', '√©ch√©ancier']",N√©gatif,70,Probl√®mes de facturation
"1,80878E+18",249,"['facture', 'litige', 'd√©lai', 'argent', 'compte en banque']",N√©gatif,80,Probl√®mes de facturation
"1,80898E+18",249,"['facture', 'doubl√©e', 'consommation', '√©lectrique']",N√©gatif,80,Probl√®mes de facturation
"1,80965E+18",246,"['gaz', 'luxe', 'abonnement', 'consommation', 'erreur']",N√©gatif,70,Probl√®mes de facturation
"1,81004E+18",245,"['remboursement', 'trop pay√©', 'Engie']",N√©gatif,70,Probl√®mes de facturation
"1,81063E+18",243,"['fournisseur', '√©lectricit√©', 'voleurs', 'factures', 'explications']",N√©gatif,80,Probl√®mes de facturation
"1,81108E+18",243,"['√©lectricit√©', 'dinguerie', '√©clairage public', '@ENGIEpartFR']",N√©gatif,70,Probl√®mes de facturation
"1,8117E+18",241,"['urgence', 'chauffagiste', 'serviceclient', 'intouchable']",N√©gatif,90,Service client injoignable
"1,81173E+18",241,"['r√©siliation', 'contrat', 'engie pro', 'engie part', 'aide']",N√©gatif,70,Probl√®mes de facturation
"1,81302E+18",237,"['prix', 'kilowatts', 'explosion', '50%']",N√©gatif,70,Probl√®mes de facturation
"1,81312E+18",237,"['soci√©t√©', 'app', 'bidon', '√† jour', 'faute', 'client', 'fric', 'fonctionnel', 'fuir']",N√©gatif,80,Probl√®mes avec l‚Äôapplication
"1,81323E+18",237 jours,"['@ENGIEpartFR', 'discuter', 'priv√©']",Neutre,30,Service client injoignable
"1,81348E+18",236,"['mensualit√©s', '80‚Ç¨', '170‚Ç¨', '40m2']",N√©gatif,70,Probl√®mes de facturation
"1,81349E+18",236,"['rembourser', 'd√©lais', 'contraintes', 'tord']",N√©gatif,85,Probl√®mes de facturation
"1,81392E+18",234 jours,"['compteur', '√©lectrique']",Neutre,30,Hors sujet
"1,8143E+18",234 jours,"['entretien', 'chaudi√®re', 'attente', 'technicien', 'appels', 'num√©ro', 'avertissement']",N√©gatif,70,Service client injoignable
"1,81431E+18",234 jours,"['site', 'connexion', 'impossible']",N√©gatif,70,Probl√®mes avec l‚Äôapplication
"1,815E+18",232,"['facture', 'consommation', 'prix', 'abonnement', '√©lectricit√©']",N√©gatif,70,Probl√®mes de facturation
"1,81547E+18",231,"['gaz', 'enfants', 'pr√©venir', 'message', 'inexistant']",N√©gatif,80,Pannes et urgences
"1,81578E+18",230,"['r√©silier', 'abonnement', 'd√©m√©nag√©', 'joindre', 'mois']",N√©gatif,70,Service client injoignable
"1,81581E+18",230,"['t√©l√©phone', 'ENGIEpartFR', 'tableaux', 'intitul√©s trompeurs', 'offre', 'tarif', '+46%']",N√©gatif,80,Probl√®mes de facturation
"1,81628E+18",228,"['√©ch√©ancier', 'augmenter', '40‚Ç¨']",N√©gatif,70,Probl√®mes de facturation
"1,81699E+18",225,"['escrocs', 'payer', 'clientes', 'salari√©es', 'travail', 'honte']",N√©gatif,80,Probl√®mes de facturation
"1,81786E+18",223,"['facture', 'service client', 'Engie', 'raccrocher', 'solution']",N√©gatif,80,Probl√®mes de facturation
"1,81796E+18",224,"['remerciements', 'd√©m√©nager', 'personnel', '10/10']",Positif,0,Avis
"1,81819E+18",223,"['balader', 'travail', 'escroc']",N√©gatif,70,Service client injoignable
"1,81858E+18",222,['informations'],Neutre,20,Hors sujet
"1,82007E+18",218,"['coupures', '√©lectricit√©', 'chaleurs', 'travaux', 'dimanche', 'eau chaude']",N√©gatif,80,Pannes et urgences
"1,82037E+18",217,"['facture', 'argent']",N√©gatif,70,Probl√®mes de facturation
"1,82044E+18",217,"['service clients', 'facturation', 'demande', 'coll√®gue', 'client', 'travail', 'employ√©s']",N√©gatif,70,Service client injoignable
"1,82047E+18",217,"['coupure', '√©lectricit√©', 'conseiller client√®le', 'indemniser', 'pertes alimentaires']",N√©gatif,80,Pannes et urgences
"1,82074E+18",216,"['fraude', 'mail']",N√©gatif,70,Hors sujet
"1,82082E+18",216,['DM'],Neutre,20,Hors sujet
"1,82153E+18",214,"['remboursements annuels', 'organisation', 'r√©ponse']",N√©gatif,70,Probl√®mes de facturation
"1,82181E+18",213,"['relation client', 'incomp√©tent', 'condescendant', ""r√©clamer de l'argent"", 'r√©ductions', 'd√©faut de fournitures', '√©lectricit√©']",N√©gatif,70,Service client injoignable
"1,82183E+18",213,"['connexion', 'France Connect', 'facture']",N√©gatif,70,Probl√®mes avec l‚Äôapplication
"1,82229E+18",212,['besoin'],Neutre,50,Hors sujet
"1,82261E+18",211,"['136 euros', 'seul', 'moyens']",N√©gatif,70,Probl√®mes de facturation
"1,8233E+18",210,"['ENGIE', 'attendre', '15 jours', 'r√©gulariser', 'compteur']",N√©gatif,70,Service client injoignable
"1,82331E+18",210,"['site web', 'factures', 'justificatif', 'inaccessible']",N√©gatif,70,Probl√®mes avec l‚Äôapplication
"1,82369E+18",207,"['DM', 'acc√©der']",Neutre,30,Service client injoignable
"1,82579E+18",202,"['phishing', 'scam', 'espace clients particuliers', 'ENGIEpartFR']",N√©gatif,70,Probl√®mes avec l‚Äôapplication
"1,82616E+18",201,"['service client', 'CATASTROPHIQUE', 'honte']",N√©gatif,80,Service client injoignable
"1,82633E+18",202,"['site', 'merde']",N√©gatif,70,Probl√®mes avec l‚Äôapplication
"1,82682E+18",200,"['application', 't√©l√©phone', 'iOS', 'fonctionner', 'consommation', 'comparaisons', 'ann√©es ant√©rieures']",N√©gatif,60,Probl√®mes avec l‚Äôapplication
"1,82689E+18",200,"['factures', 'augmenter', 'consommation', 'r√©silier', 'contrat', 'fournisseur']",N√©gatif,70,Probl√®mes de facturation
"1,82691E+18",200,"['factures', 'cl√¥ture', 'erreur']",N√©gatif,70,Probl√®mes de facturation
"1,827E+18",200,"['erreur', 'facture', 'montant']",N√©gatif,70,Probl√®mes de facturation
"1,82834E+18",225,"['aide', 'anomalie', 'index de consommation', 'rel√®ve', 'compteur gaz']",N√©gatif,60,Probl√®mes de facturation
"1,82844E+18",225,"['ENGIEpartFR', 'bilan de conso', 'contrat', 'd√©m√©nag√©']",N√©gatif,30,Probl√®mes de facturation
"1,82874E+18",194,"['facture', 'r√©gul', 'gaz', 'd√©sengage']",N√©gatif,70,Probl√®mes de facturation
"1,82888E+18",193,"['application', 'connecter', 'p√©nible']",N√©gatif,60,Probl√®mes avec l‚Äôapplication
"1,82917E+18",193,"['probl√®me', 'recharger', 'd√©bit√©']",N√©gatif,70,Probl√®mes de facturation
"1,82925E+18",193,"['r√©gularisation', 'augmentation', 'mensualit√©s', 'citoyen', 'mod√®le']",N√©gatif,70,Probl√®mes de facturation
"1,8295E+18",2025-03-10 22:21:42 +0100 - 2024-08-30 14:28:43+02:00,"['service client', 'r√©ponse', 'techniciens', 'intervention', 'facture', 'devis', 'r√©paration', 'plateforme']",N√©gatif,85,Service client injoignable
"1,83015E+18",221,"['dm', 'svp']",Neutre,20,Service client injoignable
"1,83106E+18",189,"['payer', '80e', 'mois', '@ENGIEpartFR', 'continuer']",N√©gatif,70,Probl√®mes de facturation
"1,83128E+18",188,"['r√©gule', '2k', 'ENGIEpartFR', 'malade', 'hiver', 'allumer']",N√©gatif,70,Probl√®mes de facturation
"1,83161E+18",186,"['facture', 'contrat', 'r√©gulation', 'syst√®me']",N√©gatif,70,Probl√®mes de facturation
"1,83172E+18",186,"['Linky', 'informations erron√©es', 'relances', 'appels', 'factures erron√©es', 'recours']",N√©gatif,80,Probl√®mes de facturation
"1,83177E+18",186,"['t√©l√© conseillers', 'insult√©', '@ENGIEpartFR', '@TotalEnergies']",N√©gatif,70,Service client injoignable
"1,83308E+18",182,"['service client', '150‚Ç¨', 'Engie']",N√©gatif,80,Probl√®mes de facturation
"1,83341E+18",180,"['Sondage', '√©conomiser', 'facture', 'chauffage', 'isolant', 'combles', 'ENGIEpartFR', 'JAgisAvecENGIE']",Neutre,0,Hors sujet
"1,83358E+18",181,"['hausses', 'tarif', 'abonnement', 'gaz', 'augmentation', 'kWh', 'facture', 'explose']",N√©gatif,70,Probl√®mes de facturation
"1,83392E+18",180,"['prix', 'abonnement', 'bougie']",N√©gatif,60,Probl√®mes de facturation
"1,83395E+18",180,"['hausse', '120', '350‚Ç¨', '√©t√©']",N√©gatif,70,Probl√®mes de facturation
"1,83563E+18",175,"['service', 'd√©plorable', 'impossible', 'envoyer', 'mail', 'm√©content']",N√©gatif,70,Service client injoignable
"1,83568E+18",175,"['coup√©', '√©lectricit√©', 'insuffisant respiratoire', 'oxyg√®ne', 'machine √©lectrique']",N√©gatif,90,Pannes et urgences
"1,83569E+18",175,"['coup√©', '√©lectricit√©', 'insuffisant respiratoire', 'oxyg√®ne', 'machine √©lectrique']",N√©gatif,90,Pannes et urgences
"1,83629E+18",173 jours,"['joindre', 't√©l√©phone']",N√©gatif,70,Service client injoignable
"1,83637E+18",172,"['application', 'connexion', 'erreur', 'internet', 'probl√®me']",N√©gatif,60,Probl√®mes avec l‚Äôapplication
"1,83713E+18",171,"['ligne t√©l√©phonique', 'service client√®le', 'espagnol']",Neutre,20,Service client injoignable
"1,83723E+18",171,"['gaz', 'coup√©', 'factures impay√©es', 'enregistr√©es', 'eau chaude']",N√©gatif,80,Probl√®mes de facturation
"1,83829E+18",168,"['augment√©', 'tarifs', '25 %', 'gaz', 'r√©glement√©']",N√©gatif,75,Probl√®mes de facturation
"1,83851E+18",168,"['@EDFetMoi', '@ENGIEpartFR', 'clients', 'contacter']",Neutre,20,Hors sujet
"1,83889E+18",166 jours,"['engie', 'ENGIEpartFR', 'lettres recommand√©es', 'r√©pondre', 'respecter']",N√©gatif,70,Service client injoignable
"1,83933E+18",165,"['Live', 'UAPV', 'autoconsommation', 'solaire', 'ENGIEpartFR', 'JAgisAvecENGIE']",Positif,0,Avis
"1,83953E+18",164,"['lettres recommand√©es', 'respect du client', 'r√©ponse']",N√©gatif,70,Service client injoignable
"1,84085E+18",161,"['eau chaude', 'b√¢timents', 'r√©seau de chaleur', 'Nantes']",N√©gatif,80,Pannes et urgences
"1,84147E+18",160,"['eau chaude', 'douches glaciales', 'chaudi√®re', 'ballon d‚Äôeau chaude', 'avis Google', 'scandale', 'polyhandicap√©e']",N√©gatif,90,Pannes et urgences
"1,84182E+18",158,"['mail', 'bug√©', 'lien', 'refus√©', 't√©l√©phoner']",N√©gatif,60,Probl√®mes avec l‚Äôapplication
"1,8419E+18",158,"['contacter', 'mail', 'formulaire', 'erreur', 'arnaques']",N√©gatif,70,Service client injoignable
"1,84196E+18",158,['heures creuses'],Neutre,0,Hors sujet
"1,84209E+18",157,"['facture', 'offre', 'augmentation', 'courrier']",N√©gatif,70,Probl√®mes de facturation
"1,84211E+18",157,"['contact√©', 'message Twitter', 'rien']",N√©gatif,70,Service client injoignable
"1,84211E+18",157,"['ENGIE HOME SERVICE', 'exp√©rience', 'entreprise', 'bloqu√©e', 'r√©sistance', 'eau chaude', 'plainte', 'acompte', 'polyhandicap√©e', '@ENGIEpartFR', '#scandale', '#engie', '#arnaque', '#incompetence', '#chauffeeau', '#entreprise', '#attention']",N√©gatif,90,Pannes et urgences
"1,84213E+18",157,"['lettres', 'r√©clamer', 'mena√ßant', 'payer', 'fausse route']",N√©gatif,70,Probl√®mes de facturation
"1,84225E+18",157,"['plainte', 't√©l√©phone', 'r√©tract√©', 'engag√©', 'contrat', 'sign√©', 'appels']",N√©gatif,80,Probl√®mes de facturation
"1,84273E+18",155,"['fournisseur', '√©lectricit√©', 'payer', '200', 'ENGIEpartFR', 'appeler', 'merde']",N√©gatif,80,Probl√®mes de facturation
"1,84303E+18",155,"['compte', 'site', 'application', 'fonctionnent', 'mai', 'r√©gl√©']",N√©gatif,70,Probl√®mes avec l‚Äôapplication
"1,84326E+18",153,"['d√©marchage', 'Nancy', 'semaine']",Neutre,20,Hors sujet
"1,84369E+18",153,"['formulaire de contact', 'zone de commentaire', '200 caract√®res', 'demande']",N√©gatif,40,Probl√®mes avec l‚Äôapplication
"1,8441E+18",151,"['√©lectricit√©', 'voisins', 'piti√©']",N√©gatif,80,Pannes et urgences
"1,84411E+18",151,"['r√©pondez', '@ENGIEpartFR', '@enedis_clients']",N√©gatif,70,Service client injoignable
"1,84418E+18",150,"['eau chaude', 'chauffage', 'd√©pannage', 'INCAPABLES']",N√©gatif,85,Pannes et urgences
"1,84427E+18",151,"['devis', 'r√©paration', 'chaudi√®re', 'plateforme', 'Maroc', 'fran√ßais', 'rdv']",N√©gatif,70,Service client injoignable
"1,84464E+18",150,"['ENGIEgroup', 'Nederland']",N√©gatif,70,Avis
"1,84478E+18",150,"['prix', 'fixe']",Neutre,20,Avis
"1,84576E+18",148,"['facture', 'r√©silier', '√©lectricit√©']",N√©gatif,70,Probl√®mes de facturation
"1,8468E+18",144,"['escrocs', 'abonnent', 'contrat', 'annuler']",N√©gatif,80,Probl√®mes de facturation
"1,8468E+18",144,"['compte client', 'facture', 'mot de passe', 'reinisialition']",N√©gatif,60,Probl√®mes avec l‚Äôapplication
"1,84682E+18",144,"['technicien', 'rendez-vous', 'incomp√©tence', 'professionnalisme']",N√©gatif,70,Service client injoignable
"1,84682E+18",144,"['service client', 'technicien', 'rembourser', 'd√©√ßu']",N√©gatif,70,Service client injoignable
"1,8472E+18",143,"['r√©clamation', 'pi√®ce jointe', 'erreur de chargement', 'documents']",N√©gatif,60,Probl√®mes avec l‚Äôapplication
"1,84721E+18",149,"['tarifs', 'abonnement', 'prix', 'KWh', 'we']",N√©gatif,70,Probl√®mes de facturation
"1,84723E+18",149,"['panne', 'r√©paration', 'joindre', 'rendez-vous', 'honteux']",N√©gatif,80,Pannes et urgences
"1,84795E+18",141,"['abonnement', 'gaz', 'consommation']",N√©gatif,70,Probl√®mes de facturation
"1,84808E+18",141,"['application', 'site', 'inaccessibles', 'probl√®me']",N√©gatif,70,Probl√®mes avec l‚Äôapplication
"1,84836E+18",140,"['ENGIEpartFR', '900‚Ç¨', 'raison', 'temps libre']",N√©gatif,80,Probl√®mes de facturation
"1,84838E+18",140,"['ENGIEpartSAV', 'MP']",Neutre,0,Hors sujet
"1,84865E+18",140,"['argent', 'trop per√ßu', 'mensualit√©s', 'augmenter', 'manip', 'tr√©so', 'estimation']",N√©gatif,70,Probl√®mes de facturation
"1,84879E+18",140,"['r√©silier', 'contrat', 'appli', 'site', 'escrocs', 'voleurs']",N√©gatif,80,Probl√®mes avec l‚Äôapplication
"1,84879E+18",139,"['d√©marchage', 'domicile', 'insiste', 'informations', 'augmentation', 'prix', 'clients']",N√©gatif,70,Avis
"1,84911E+18",138,"['@ENGIEpartSAV', '@ENGIEpartFR', 'coordonn√©es bancaires', 'personne d√©c√©d√©e', 'pr√©l√®vements', '√©chec', 'proc√©dures', 'd√©mentielles']",N√©gatif,80,Probl√®mes de facturation
"1,8515E+18",131,"['gaz', 'chauffage', 'plaque de cuisson', 'consommation', 'co√ªt']",Neutre,30,Avis
"1,8515E+18",131,"['ENGIEgroup', 'ENGIEpartFR', 'clients', 'pigeons', 'tr√©sorerie']",N√©gatif,70,Probl√®mes de facturation
"1,85159E+18",131,"['augmentation', 'pr√©l√®vement', 'gouvernement', 'consos', 'voleurs']",N√©gatif,80,Probl√®mes de facturation
"1,85177E+18",130,"['facture', 'am√©lioration', 'r√©seau']",N√©gatif,70,Probl√®mes de facturation
"1,85197E+18",130,"['site web', 'application', 'accessibles', 'mai', 'impossible', 'association de consommateurs']",N√©gatif,80,Probl√®mes avec l‚Äôapplication
"1,85277E+18",128,"['courrier', 'r√©f√©rences clients', 'DM', 'association de consommateurs', '√©mission t√©l√©', 'litiges']",N√©gatif,80,Service client injoignable
"1,85314E+18",128,"['ENGIEpartSAV', 'r√©f√©rence client', 'site']",N√©gatif,70,Service client injoignable
"1,85343E+18",157,"['conseill√®re', 'harc√®le', 'note de satisfaction', 'service nul', 'relancer']",N√©gatif,70,Service client injoignable
"1,85348E+18",157,"['@ENGIEpartSAV', '@ENGIEpartFR', 'agence de Lisses', ""plateau d'appel""]",N√©gatif,70,Service client injoignable
"1,85372E+18",125,"['ENGIEpartSAV', 'ENGIEpartFR', 'DM', 'hier']",Neutre,50,Service client injoignable
"1,85411E+18",94,"['pas fiable', 'machin']",N√©gatif,60,Probl√®mes avec l‚Äôapplication
"1,85415E+18",124 jours,"['d√©g√¢ts des eaux', 'attente', 'scandale']",N√©gatif,90,Pannes et urgences
"1,85421E+18",124,"['erreur', 'demande', 'd√©pose', 'compteur', 'gaz', 'facturation', 'GRDF']",N√©gatif,80,Probl√®mes de facturation
"1,85598E+18",119,"['abonnement', 'augmentation', 'd√©pannage']",N√©gatif,70,Probl√®mes de facturation
"1,85626E+18",118 jours,"['arnaque', 'gaz', 'radiateurs', 'facture']",N√©gatif,75,Probl√®mes de facturation
"1,85639E+18",118 jours,"['ENGIEgroup', 'concurrence', 'prospection', 'comportement', 'insatisfaction']",N√©gatif,70,Service client injoignable
"1,85668E+18",117,"['consommation', 'pr√©l√®vement', 'gaz', 'taxes']",N√©gatif,80,Probl√®mes de facturation
"1,85675E+18",117 jours,"['grille tarifaire', 'prix ttc', 'Kwh', 'comparaison']",Neutre,40,Avis
"1,85677E+18",117,"['probl√®mes', 'site', 'application', 'factures']",N√©gatif,70,Probl√®mes avec l‚Äôapplication
"1,85681E+18",117,"['EngieHomeService', 'ENGIEgroup', 'rendez vous', 'chaudi√®re', 'plate-forme']",N√©gatif,70,Service client injoignable
"1,85698E+18",116 jours,"['coupureelectricite', 'ENGIEgroup']",N√©gatif,70,Pannes et urgences
"1,85747E+18",115 jours,"['souscrire', 'contrat', 'appels', 'd√©marcheurs', 'emp√™cher']",N√©gatif,60,Service client injoignable
"1,85812E+18",114,"['Engie', 'tarif', 'Elec R√©f√©rence', 'prix', 'escrocs']",N√©gatif,80,Probl√®mes de facturation
"1,85837E+18",113,"['phishing', 'mail']",Neutre,70,Service client injoignable
"1,85848E+18",82 jours,"['simulation', 'consommation', 'diff√©rent']",N√©gatif,60,Probl√®mes de facturation
"1,85857E+18",113,"['abonnement', 'Gaz', 'hausse']",N√©gatif,70,Probl√®mes de facturation
"1,85879E+18",111,"['facture', 'doubl√©']",N√©gatif,70,Probl√®mes de facturation
"1,85895E+18",111,"['√©lectricit√©', 'coupure', 'logements', 'impact√©s']",N√©gatif,80,Pannes et urgences
"1,85911E+18",110,"['d√©m√©nagement', 'tarification', 'gaz']",N√©gatif,70,Probl√®mes de facturation
"1,85922E+18",80 jours,"['site', 'application', 'refonctionner', 'proc√®s']",N√©gatif,75,Probl√®mes avec l‚Äôapplication
"1,85925E+18",110,"['fraude', 'appel', 's√©curit√©', 'compte en ligne', 'spam']",N√©gatif,70,Service client injoignable
"1,85926E+18",110,"['appli', 'conso']",N√©gatif,60,Probl√®mes avec l‚Äôapplication
"1,8593E+18",110,"['r√©clamation', 'service client']",N√©gatif,70,Service client injoignable
"1,85934E+18",110,"['facture', 'augmentation', 'tarifs']",N√©gatif,70,Probl√®mes de facturation
"1,85958E+18",110,"['prix', 'TTC', 'kWh', 'contrat', '√âlectrique', 'r√©f√©rence', 'hotline']",Neutre,30,Avis
"1,8597E+18",110,"['ch√®que √©nergie', 'montant', 'mauvais nom', 'avocat', 'gouvernementFR']",N√©gatif,85,Probl√®mes de facturation
"1,8597E+18",110,"['conso', 'remboursent', 'trop per√ßu', 'mensualisations']",N√©gatif,70,Probl√®mes de facturation
"1,85996E+18",108,"['Engie', '300‚Ç¨', '4 mois', 'r√©sili√©', '2 juillet', '59‚Ç¨', 'remboursent', '1H45', 'appel', 'conseillers', 'raccroch√©', 'inacceptable', 'argent', '@ENGIEgroup', '@ENGIEpartFR', '#abus']",N√©gatif,85,Probl√®mes de facturation
"1,85999E+18",108 jours,"['rein', 'ENGIEpartFR']",N√©gatif,70,Service client injoignable
"1,8602E+18",108,"['facture', 'augmentation', '√©lectricit√©']",N√©gatif,80,Probl√®mes de facturation
"1,86058E+18",107,"['contrat', 'augmentation', 'loi', 'escrocs']",N√©gatif,70,Probl√®mes de facturation
"1,86106E+18",106,"['intervention', 'domicile', 'changement', 'c√¢ble', '32amp√®res', 'four', 'enedis', 'honte', 'prix']",N√©gatif,80,Pannes et urgences
"1,86131E+18",104,"['ENGIEgroup', 'cyclistes', 'agressif', 'plaque', 'photo', 'suivre', 'toucher', 'paris', 'Velo']",N√©gatif,80,Hors sujet
"1,86147E+18",104,"['gaz', 'hausse', 'consommation', 'facture', 'augment√©', 'ENGIEpartFR']",N√©gatif,70,Probl√®mes de facturation
"1,86153E+18",104,"['factures', 'abuser']",N√©gatif,70,Probl√®mes de facturation
"1,86178E+18",104,"['chauffage', 'technicien', 'mail', 't√©l√©phone', 'aide']",N√©gatif,85,Pannes et urgences
"1,86218E+18",102 jours,"['bougies', 'pr√©parer']",N√©gatif,70,Pannes et urgences
"1,86222E+18",71,"['augmentation', '√©lectricit√©', 'changer']",N√©gatif,70,Probl√®mes de facturation
"1,86347E+18",98 jours,"['mp', 'envoy√©', 'r√©ponse']",Positif,0,Avis
"1,86354E+18",98,"['argent', 'huissiers', 'excuses', 'inflation']",N√©gatif,80,Probl√®mes de facturation
"1,86355E+18",98 jours,"['d√©m√©nage', 'durite']",N√©gatif,60,Service client injoignable
"1,86356E+18",98,"['conso', 'gaz', 'habitudes', 'septembre', ' r√©gul', 'explication']",N√©gatif,70,Probl√®mes de facturation
"1,864E+18",70,"['abonnement', 'consommation', 'salaire', 'PDG', 'scandaleux']",N√©gatif,75,Probl√®mes de facturation
"1,864E+18",67 jours,"['salaires', 'abonnement', 'consommation', 'foyer modestes', 'foutage de gueule']",N√©gatif,75,Probl√®mes de facturation
"1,86403E+18",97,"['catastrophe', 'argent', 'respect', 'consommateur']",N√©gatif,80,Probl√®mes de facturation
"1,86433E+18",96,"['probl√®mes', 'application', 'site', 'message', 'connecter']",N√©gatif,70,Probl√®mes avec l‚Äôapplication
"1,86457E+18",95,['d√©cevez'],N√©gatif,60,Avis
"1,86457E+18",95,"['arnaque', 'jeu', 'rupture']",N√©gatif,60,Avis
"1,86494E+18",94,"['abonnement', '23‚Ç¨', '230‚Ç¨', 'consommation']",N√©gatif,70,Probl√®mes de facturation
"1,86498E+18",94,"['techniciens', 'chaleur', 'domicile', 'scandaleux']",N√©gatif,80,Pannes et urgences
"1,86512E+18",94,"['facture', 'consommation', 'prix', 'studio']",N√©gatif,80,Probl√®mes de facturation
"1,86571E+18",92,"['d√©fi', 'kWh', 'chauffage', 'gaz', '√©lectricit√©']",N√©gatif,60,Avis
"1,86603E+18",91,"['chauffage', 'nourrisson', 'intervention', 'urgence', 'irresponsables']",N√©gatif,90,Pannes et urgences
"1,86604E+18",91,"['ENGIEgroup', 'fanez', 'cul']",N√©gatif,70,Service client injoignable
"1,86604E+18",90,"['factures', 'compteur Gaz', 'irrespect', 'personnel', 'poli', 'comp√©tent']",N√©gatif,80,Probl√®mes de facturation
"1,86609E+18",90,"['@ENGIEpartFR', 'hausses', 'No√´l', 'conso']",N√©gatif,70,Probl√®mes de facturation
"1,86614E+18",90,"['pr√©l√®ve', 'chauffage', 'coup√©', 'hiver', 'fuyez']",N√©gatif,85,Pannes et urgences
"1,86614E+18",90,"['contrats', 'ENGIEpartFR']",N√©gatif,85,Pannes et urgences
"1,86615E+18",90,"['relev√© de compte', 'froid']",N√©gatif,80,Pannes et urgences
"1,86645E+18",90,"['ENGIEpartFR', 'engie']",N√©gatif,70,Hors sujet
"1,86647E+18",90,"['service', 'en ligne', 'payer', 'factures', 'ne fonctionne pas']",N√©gatif,70,Probl√®mes avec l‚Äôapplication
"1,86696E+18",88,"['eau chaude', 'chaudi√®re', 'logements', 'probl√®me r√©current']",N√©gatif,85,Pannes et urgences
"1,8672E+18",88,"['consommation √©lectrique', 'facture', 'd√©m√©nager', 'contrat', 'No√´l']",N√©gatif,70,Probl√®mes de facturation
"1,86751E+18",87,"['facture', 'paiement', 'mise en demeure', 'annulation']",N√©gatif,80,Probl√®mes de facturation
"1,86828E+18",85,"['bilans mensuels', 'augmentation de consommation', ""prix de l'√©lectricit√©""]",N√©gatif,70,Probl√®mes de facturation
"1,86857E+18",85 jours,"['ENGIEgroup', 'Power Purchase Agreement', 'Altano Energy', 'Dama de Baza', 'wind project', 'Granada', 'Spain', 'renewableenergy', 'Energy', 'Sustainable']",Neutre,0,Hors sujet
"1,86868E+18",84,"['augmentation', 'abonnement gaz', 'baisse', 'consommation KwH']",N√©gatif,70,Probl√®mes de facturation
"1,86897E+18",83,"['chauffage', 'eau chaude', 'Rennes', 'long']",N√©gatif,80,Pannes et urgences
"1,86903E+18",83,"['froid', 'eau chaude', 'chauffage', 'coupures']",N√©gatif,90,Pannes et urgences
"1,86942E+18",83 jours,"['factures √©normes', 'engueuler']",N√©gatif,80,Probl√®mes de facturation
"1,87006E+18",80,"['payer', 'cher', 'domicile', '√©conomie', '√©nergie']",N√©gatif,70,Probl√®mes de facturation
"1,8711E+18",77,"['service client', 'num√©ro de t√©l√©phone', 'compte']",N√©gatif,60,Service client injoignable
"1,87149E+18",76,"['pr√©l√®vement', 'facture', 'journ√©e', 'mauvaise humeur']",N√©gatif,70,Probl√®mes de facturation
"1,87221E+18",74,"['archive', 'contrats r√©sili√©s', 'mails', 'liens', 'site', 'supprim√©']",N√©gatif,60,Probl√®mes avec l‚Äôapplication
"1,87221E+18",74,"['solution', 'contrat', 'frais de dossier', 'frais de r√©siliation', 'catastrophique']",N√©gatif,80,Probl√®mes de facturation
"1,87256E+18",73,"['gaz', 'cher', 'bras']",N√©gatif,70,Avis
"1,87294E+18",72 jours,"['chauffage', 'technicien', 'probl√®me']",N√©gatif,70,Pannes et urgences
"1,8736E+18",70,"['consommation', 'augment√©', 'estimation', 'Voleurs']",N√©gatif,80,Probl√®mes de facturation
"1,87367E+18",70,"['consommation', 'hausse des prix', 'Leurre', 'Combine', 'HausseDesPrix', '√âlectricit√©']",N√©gatif,75,Probl√®mes de facturation
"1,87367E+18",70,"['r√©pondre', 'mails', 'r√©clamations', 'clients', 'm√©contents']",N√©gatif,75,Service client injoignable
"1,87376E+18",70,"['TAXES', 'facture', 'ENGIE', 'abonnement', 'fourniture', 'acheminement', 'consommation', 'obligations', 'contribution', '√©nergie', 'valeur ajout√©e']",N√©gatif,60,Probl√®mes de facturation
"1,87381E+18",70,"['conseiller', 'conso', 'lettres de relance', 'mafia', '#EngieVsLePeuple']",N√©gatif,80,Probl√®mes de facturation
"1,8744E+18",70,"['aider', 'meurtre', 'üò°', 'üò©']",N√©gatif,80,Service client injoignable
"1,87476E+18",67,"['√©lec', 'gaz', 'r√©gul', 'assistante sociale']",N√©gatif,70,Probl√®mes de facturation
"1,87478E+18",67 jours,"['contrat', 'maison', '√©lectricit√©', 'b√©b√©', 'congels']",N√©gatif,90,Pannes et urgences
"1,87618E+18",63,"['contrat', 'entretien', 'chaudi√®re', 'RDV', 'report√©', 'annul√©']",N√©gatif,75,Service client injoignable
"1,87627E+18",63,"['facture', 'consommation', 'mensualit√©']",N√©gatif,70,Probl√®mes de facturation
"1,87633E+18",63,"['eau chaude', 'coups fil', 'soluce']",N√©gatif,70,Pannes et urgences
"1,87654E+18",62,"['ENGIEpartFR', 'Savoie', 'agence', 'adresse']",Neutre,10,Hors sujet
"1,87661E+18",62,"['payer', '200 euros', 'consommation', 'conseillers', 'menace', 'changer de fournisseur', 'gaz', '√©lectricit√©', 'tarif2025']",N√©gatif,75,Probl√®mes de facturation
"1,877E+18",58,"['@ENGIEgroup', 'Inclusif', 'raciste']",N√©gatif,50,Avis
"1,87742E+18",59,"['devis', 'relances t√©l√©phoniques', 'urgence']",N√©gatif,70,Service client injoignable
"1,87765E+18",59,"['abonnements', 'gaz', '√©lectricit√©', 'r√©sili√©s', 'remboursement', 'ch√®que']",N√©gatif,70,Probl√®mes de facturation
"1,87841E+18",57 jours,"['contrat', 'activation', 'site web', 'traitement de dossier', '24h']",N√©gatif,70,Service client injoignable
"1,87907E+18",55,"['hame√ßonnage', 'remboursement', 'site innaccessible', 'email']",N√©gatif,70,Hors sujet
"1,87958E+18",54 jours,"['pr√©l√®vement', 'changement', 'mode de paiement']",N√©gatif,70,Probl√®mes de facturation
"1,87958E+18",54,"['eau chaude', 'chauffage', 'urgence', 'service client']",N√©gatif,90,Pannes et urgences
"1,88057E+18",51 jours,"['probl√®me', 'contrat', 'mauvais pdl', 'service client']",N√©gatif,75,Probl√®mes de facturation
"1,88105E+18",50,"['contrat', 'tarif', 'changer', '1er f√©vrier']",Neutre,20,Avis
"1,8813E+18",49,"['augmenter', 'mensualit√©s', '√©lectricit√©']",N√©gatif,80,Probl√®mes de facturation
"1,88144E+18",50 jours,"['eau chaude', 'chauffage', 'urgence', 'service client']",N√©gatif,90,Pannes et urgences
"1,88163E+18",48,"['service client', 'r√©paration', 'pr√©judice', 'erreur', 'points de livraison', '√©lectricit√©']",N√©gatif,80,Probl√®mes de facturation
"1,88163E+18",48 jours,"[""chiffre d'affaires"", 'fournisseur', 'puissance', 'dossier de r√©clamation', 'pr√©judice']",N√©gatif,70,Pannes et urgences
"1,88165E+18",48 jours,"['injoignables', 'incomp√©tents', 'chauffage', 'eau chaude']",N√©gatif,80,Pannes et urgences
"1,88171E+18",48 jours,"['dette', '√©talement de paiement', 'm√©thodes agressives', ""limite d'√©nergie"", 'froid', 'hiver']",N√©gatif,90,Probl√®mes de facturation
"1,88173E+18",48 jours,"['service', 'recouvrement', 'condamnation']",N√©gatif,70,Probl√®mes de facturation
"1,88179E+18",48 jours,"['contrat', 'service', 'intervention', 'chauffagiste', 'd√©pann√©']",N√©gatif,70,Pannes et urgences
"1,88207E+18",47 jours,"['DM', 'svp']",Neutre,20,Service client injoignable
"1,88215E+18",47 jours,"['@ENGIEpartFR', 'dette', 'recouvrement', '√©talement de paiement', 'diminution de puissance']",N√©gatif,80,Probl√®mes de facturation
"1,88248E+18",46,"['gaz', 'luxe', 'bougie']",N√©gatif,70,Pannes et urgences
"1,88249E+18",46 jours,"['dette', 'eos recouvrement', 'r√©duire ma puissance']",N√©gatif,80,Probl√®mes de facturation
"1,88267E+18",46 jours,"['fautes', 'conjugaison', 'transmet', 'affreux', 'pluriel']",N√©gatif,20,Avis
"1,88275E+18",46,"['d√©m√©nager', 'r√©silier', 'abonnement', '√©nerg√©tique', 'r√©ponse', 'date de r√©siliation', '√©nervant']",N√©gatif,60,Service client injoignable
"1,88287E+18",46 jours,"['agents', 'feu rouge', 'vitesse']",N√©gatif,70,Avis
"1,88315E+18",44,"['pression', 'personnes √¢g√©es', 'contrat', 'd√©marcheur', 'hausser le ton', 'personne vuln√©rable', 'plainte']",N√©gatif,90,Avis
"1,8832E+18",44 jours,"['chauffer', 'bougie', 'd√©marcher']",N√©gatif,70,Pannes et urgences
"1,88416E+18",41,"['facture', '√©lectricit√©', 'litige', 'm√©diateur']",N√©gatif,90,Probl√®mes de facturation
"1,88417E+18",41,"['68‚Ç¨', 'devez', 'octobre', 'soci√©t√©']",N√©gatif,70,Probl√®mes de facturation
"1,88454E+18",40,"['grammaire', 'faute', 'langue fran√ßaise', 'signal√©']",N√©gatif,20,Avis
"1,88454E+18",40 jours,"['Facture', 'd√©cembre 2023', 'calculs', 'ENGIEpartSAV']",N√©gatif,70,Probl√®mes de facturation
"1,88486E+18",40,"['d√©m√©nag√©', 'ligne', 'contrat', 'fermez', 'comp√©tents', 'conseillers']",N√©gatif,70,Probl√®mes de facturation
"1,88508E+18",40 jours,"['@ENGIEgroup', '@EmmanuelMacron', '#Gaz', 'facture', 'gaz', 'exag√©rer', 'aide']",N√©gatif,70,Probl√®mes de facturation
"1,88541E+18",48,"['facture', 'erreur', 'service client', 'huissiers']",N√©gatif,90,Probl√®mes de facturation
"1,8865E+18",35,"['facture', 'gaz', 'standard', 'conso']",N√©gatif,90,Probl√®mes de facturation
"1,88659E+18",34 jours,"['tarifs', 'site', 'prix', 'introuvables']",N√©gatif,60,Avis
"1,8868E+18",34,"['facture', '232‚Ç¨', '51‚Ç¨', 'pr√©venir', 'voleur']",N√©gatif,80,Probl√®mes de facturation
"1,88891E+18",30,"['merci', 'bougies', 'chauffe', '19,5 degr√©s']",Positif,20,Avis
"1,88898E+18",28,"['√©lectricit√©', 'gaz', 'ponctionn√©e', 'logement']",N√©gatif,80,Probl√®mes de facturation
"1,88899E+18",28,"['remise', '100e', 'novembre', 'appels']",N√©gatif,70,Probl√®mes de facturation
"1,88951E+18",26 jours,"['@ENGIEpartSAV', '#√âlectricit√©', '#√ânergie', '#Consommation']",N√©gatif,75,Probl√®mes de facturation
"1,88962E+18",26,"['facture', 'gaz', 'chauffer', 'nuit']",N√©gatif,70,Probl√®mes de facturation
"1,88978E+18",26 jours,"['eau chaude', 'hiver', 'incapables']",N√©gatif,80,Pannes et urgences
"1,89007E+18",25,"['augmente', 'mensualit√©s', 'pr√©l√®vement', 'consommation', 'baiss√©', 'MafiaOrganis√©e']",N√©gatif,80,Probl√®mes de facturation
"1,89016E+18",25,"['r√©silier', 'contrat', 'supprimer', 'compteur', 'marche pas', 'bouton', 'avancer']",N√©gatif,60,Probl√®mes avec l‚Äôapplication
"1,89144E+18",21,"['Ma conso', '√©lectricit√©', 'long']",N√©gatif,70,Probl√®mes avec l‚Äôapplication
"1,89174E+18",20,"['@ENGIEpartFR', '@ENGIEgroup', 'prix', '√©lectricit√©', 'gaz', 'abonnement', 'augmenter', '@gouvernementFR', '@dgccrf']",N√©gatif,80,Probl√®mes de facturation
"1,89213E+18",19,"['payer', 'chauffe', 'consomme', 'cons']",N√©gatif,80,Probl√®mes de facturation
"1,89217E+18",19,"['Facture', '√©lectricit√©', 'r√©gul', 'chauffage']",N√©gatif,80,Probl√®mes de facturation
"1,89217E+18",19,"['panne', 'chauffage', 'r√©solu', 'appartement', 'merci']",N√©gatif,80,Pannes et urgences
"1,89229E+18",19 jours,"['@ENGIEpartFR', '@ENGIEgroup']",Neutre,0,Hors sujet
"1,89231E+18",19,"['tarif', 'contrat', 'Prix Fixe', 'tromp√©', 'avoir']",N√©gatif,60,Probl√®mes de facturation
"1,89293E+18",17,"['PDL', 'espace client', 'doublon', 'console instantan√©e', 'support']",N√©gatif,70,Probl√®mes avec l‚Äôapplication
"1,89294E+18",17,"['remboursement', 't√©l√©conseiller', 'rappeler', 'raccrocher']",N√©gatif,70,Service client injoignable
"1,89354E+18",15,"['facture', '√©lectrique', 'augmente', 'kWh', 'prix', 'EDF']",N√©gatif,70,Probl√®mes de facturation
"1,89377E+18",15,"['r√©gule', 'chauffage', 'eau chaude', 'thermostat']",N√©gatif,80,Probl√®mes de facturation
"1,89391E+18",14,"['politique', 'Macron', '√©nergie', 'gaz', 'Engie', 'chauffe', 'bougie']",Neutre,50,Hors sujet
"1,89395E+18",14,"[""garanties d'origine"", '√©lectricit√©', 'source renouvelable', 'ENGIEpartFR', 'JAgisAvecENGIE']",Neutre,0,Hors sujet
"1,89397E+18",14,"['dossier perdu', 'pi√®ce manquante', 'clowns']",N√©gatif,70,Service client injoignable
"1,89397E+18",14,"['dossier perdu', 'pi√®ce manquante', 'clowns']",N√©gatif,70,Service client injoignable
"1,89397E+18",14,"['dossier perdu', 'pi√®ce manquante', 'clowns']",N√©gatif,70,Service client injoignable
"1,89397E+18",14,"['dossier perdu', 'recommand√©', 'pi√®ce manquante', 'clowns']",N√©gatif,70,Service client injoignable
"1,89398E+18",14,"['dossier perdu', 'pi√®ce manquante', 'clowns']",N√©gatif,70,Service client injoignable
"1,89398E+18",14,"['service client', 'remboursement', 'pr√©l√®vement', 'trop']",N√©gatif,80,Probl√®mes de facturation
"1,89398E+18",14,"['offres', '100‚Ç¨', 'apeller', '4 mois', 'avoir', '#engie']",N√©gatif,70,Service client injoignable
"1,89435E+18",13,"['facture', 'r√©gularisation', 'rue']",N√©gatif,80,Probl√®mes de facturation
"1,89436E+18",13,"['ENGIEnewsroom', 'Engie', 'ENGIEgroup', 'conseillers', 'aider', 'clients', 'r√®glement', 'facture', 'Triste', 'image']",N√©gatif,70,Service client injoignable
"1,89437E+18",13,"['incapables', 'technicien', 'appels', 'raccrochent', 'boycott']",N√©gatif,80,Service client injoignable
"1,8947E+18",12,"['facture', 'GAZ', 'chauffe', 'mascarade']",N√©gatif,70,Probl√®mes de facturation
"1,89474E+18",12,"['facture', 'chauffage', 'temp√©rature']",N√©gatif,80,Probl√®mes de facturation
"1,89477E+18",12,"['gaz', 'facture', 'prix', 'consommation']",N√©gatif,70,Probl√®mes de facturation
"1,89648E+18",7,"['d√©lais', 'intervention', 'eau chaude', 'chauffage', 'contrat', 'effectif']",N√©gatif,80,Pannes et urgences
"1,89658E+18",7,"['ENGIEpartFR', 'parle']",Neutre,0,Hors sujet
"1,89662E+18",7,"['harcelement', 'augmenter', 'mensualites', 'regulation', 'facture']",N√©gatif,70,Probl√®mes de facturation
"1,89663E+18",7,"['vol', 'publicit√© mensong√®re', 'remboursement', 'gaz', 'souscription', 'refus']",N√©gatif,80,Probl√®mes de facturation
"1,8967E+18",6 jours,"['escrocs', 'montants', 'consommations', 'exc√®s', 'facturations']",N√©gatif,80,Probl√®mes de facturation
"1,89684E+18",6 jours,"['gestion', 'clients', 'engie', 'edf']",N√©gatif,70,Service client injoignable